Employee ID,Project Code,Stage ID,Date,Hours,Description,Status,Created At,Updated At
SAIYU_001,OA,TD.00.02,2025-09-05,3.5,,SUBMITTED,,
SAIYU_001,888,TD.00.01,2025-09-05,4,,SUBMITTED,,
SAIYU_001,OA,TD.00.00,2025-09-05,0.5,,SUBMITTED,,
PSEC-003,231012,TD.01.01,2025-09-05,2,,SUBMITTED,,
PSEC-003,240313,TD.01.01,2025-09-05,1,planning portal DA lodgement,SUBMITTED,,
PSEC-003,250311,TD.01.01,2025-09-05,1,review planner's comment and draft SoEE,SUBMITTED,,
PSEC-003,OA,TD.00.00,2025-09-05,1,website,SUBMITTED,,
PSEC-003,231012,TD.01.01,2025-09-05,2.5,,SUBMITTED,,
PSEC-003,OA,TD.00.00,2025-09-05,0.5,,SUBMITTED,,
PSEC-012,240607,TD.01.04,2025-09-05,7.5,Update the interior package.,DRAFT,,
PSEC-012,OA,TD.00.00,2025-09-05,0.5,,DRAFT,,
PSEC-013,OA,TD.00.00,2025-09-05,0.5,,APPROVED,,
PSEC-013,200311,TD.01.02,2025-09-05,7.5,,APPROVED,,
SAIYU_001,210212,TD.01.02,2025-09-04,2,,APPROVED,,
SAIYU_001,200311,TD.01.02,2025-09-04,5,Coordination,APPROVED,,
PSEC-001,200311,TD.01.02,2025-09-04,4,,APPROVED,,
PSEC-001,200311,TD.01.02,2025-09-04,3.5,,APPROVED,,
PSEC-001,OA,TD.00.00,2025-09-04,0.5,,APPROVED,,
PSEC-003,888,TD.00.00,2025-09-04,0.5,charles's house/ duplex,SUBMITTED,,
PSEC-003,231012,TD.01.01,2025-09-04,0.5,coordination,SUBMITTED,,
PSEC-003,888,TD.00.00,2025-09-04,0.5,warehouse cdc research,SUBMITTED,,
PSEC-003,OA,TD.00.00,2025-09-04,1,,SUBMITTED,,
PSEC-003,240607,TD.01.03,2025-09-04,5.5,slab setouts ; dp locations,SUBMITTED,,
PSEC-010,OA,TD.00.00,2025-09-04,0.5,,DRAFT,,
PSEC-010,170130,TD.01.01,2025-09-04,2.5,,DRAFT,,
PSEC-010,240917,TD.01.03,2025-09-04,1.5,,DRAFT,,
PSEC-012,240607,TD.01.04,2025-09-04,7.5,Update interior drawings.,DRAFT,,
PSEC-012,OA,TD.00.00,2025-09-04,0.5,,DRAFT,,
PSEC-013,200311,TD.01.02,2025-09-04,7.5,,APPROVED,,
PSEC-013,OA,TD.00.00,2025-09-04,0.5,,APPROVED,,
SAIYU_001,210212,TD.01.02,2025-09-03,4.5,Coordination,APPROVED,,
SAIYU_001,200311,TD.01.02,2025-09-03,1,Coordination,APPROVED,,
PSEC-001,200311,TD.01.02,2025-09-03,7.5,,APPROVED,,
PSEC-001,OA,TD.00.00,2025-09-03,0.5,,APPROVED,,
PSEC-003,240607,TD.01.03,2025-09-03,1,slab setout,SUBMITTED,,
PSEC-003,231012,TD.01.01,2025-09-03,1,coordinations,SUBMITTED,,
PSEC-003,240313,TD.01.01,2025-09-03,2,"review planner's timesheet, email planner to clarify time sheet; chat with client on the planner's timesheet """,SUBMITTED,,
PSEC-003,240607,TD.01.03,2025-09-03,1,slab setout,SUBMITTED,,
PSEC-003,OA,TD.00.00,2025-09-03,1,,SUBMITTED,,
PSEC-003,250414,TD.01.01,2025-09-03,2,review planner's comments and draft SoEE; coordination with consultants,SUBMITTED,,
PSEC-010,170130,TD.01.01,2025-09-03,4,,DRAFT,,
PSEC-010,OA,TD.00.00,2025-09-03,0.5,,DRAFT,,
PSEC-010,170130,TD.01.01,2025-09-03,3.5,,DRAFT,,
PSEC-012,250311,TD.01.01,2025-09-03,1,Review the planner report and check the drawings.,DRAFT,,
PSEC-012,OA,TD.00.00,2025-09-03,0.5,,DRAFT,,
PSEC-012,240607,TD.01.04,2025-09-03,6.5,Update the interior package.,DRAFT,,
PSEC-013,200311,TD.01.02,2025-09-03,7.5,,APPROVED,,
PSEC-013,OA,TD.00.00,2025-09-03,0.5,,APPROVED,,
SAIYU_001,200311,TD.01.02,2025-09-02,3,Coordination,APPROVED,,
PSEC-001,OA,TD.00.00,2025-09-02,0.5,,APPROVED,,
PSEC-001,200311,TD.01.02,2025-09-02,3.5,,APPROVED,,
PSEC-001,171219,TD.01.02,2025-09-02,4,,APPROVED,,
PSEC-003,OA,TD.00.00,2025-09-02,1,,SUBMITTED,,
PSEC-003,231012,TD.01.01,2025-09-02,1,,SUBMITTED,,
PSEC-003,240607,TD.01.03,2025-09-02,6,,SUBMITTED,,
PSEC-010,170130,TD.01.01,2025-09-02,3.5,,DRAFT,,
PSEC-010,OA,TD.00.00,2025-09-02,0.5,,DRAFT,,
PSEC-010,170130,TD.01.01,2025-09-02,4,,DRAFT,,
PSEC-012,240607,TD.01.04,2025-09-02,7.5,Update interior design for whole package.,DRAFT,,
PSEC-012,OA,TD.00.00,2025-09-02,0.5,,DRAFT,,
PSEC-013,OA,TD.00.04,2025-09-02,6.5,Showroom Design,APPROVED,,
PSEC-013,OA,TD.00.00,2025-09-02,0.5,,APPROVED,,
PSEC-013,200311,TD.01.02,2025-09-02,1,,APPROVED,,
PSEC-101,888,TD.02.04,2025-09-02,9,,DRAFT,,
SAIYU_001,OA,TD.00.00,2025-09-01,13,fix timesheet,APPROVED,,
PSEC-001,200311,TD.01.02,2025-09-01,2,,APPROVED,,
PSEC-001,171129,TD.01.01,2025-09-01,5.5,,APPROVED,,
PSEC-001,OA,TD.00.00,2025-09-01,0.5,,APPROVED,,
PSEC-003,240313,TD.01.01,2025-09-01,1,coordination,DRAFT,,
PSEC-003,240607,TD.01.03,2025-09-01,4,slab setout,DRAFT,,
PSEC-003,OA,TD.00.00,2025-09-01,0.5,,DRAFT,,
PSEC-003,888,TD.00.00,2025-09-01,2.5,-Melb job ; -Charles duplex planning,DRAFT,,
PSEC-010,OA,TD.00.00,2025-09-01,0.5,,DRAFT,,
PSEC-010,170130,TD.01.01,2025-09-01,4,,DRAFT,,
PSEC-010,170130,TD.01.01,2025-09-01,3.5,,DRAFT,,
PSEC-012,OA,TD.00.00,2025-09-01,0.5,,DRAFT,,
PSEC-012,240607,TD.01.04,2025-09-01,7.5,Coordinate with client and update interior drawings.,DRAFT,,
PSEC-013,OA,TD.00.00,2025-09-01,0.5,,APPROVED,,
PSEC-013,200311,TD.01.02,2025-09-01,3,,APPROVED,,
PSEC-013,OA,TD.00.04,2025-09-01,4.5,Showroom Design,APPROVED,,
PSEC-101,888,TD.02.04,2025-09-01,9,,DRAFT,,
PSEC-001,200311,TD.01.02,2025-08-29,6,,APPROVED,,
PSEC-001,171129,TD.01.01,2025-08-29,1.5,,APPROVED,,
PSEC-003,201112,TD.01.02,2025-08-29,1,review BCA,APPROVED,,
PSEC-003,221130,TD.01.00,2025-08-29,1,DAU package & application,APPROVED,,
PSEC-003,240313,TD.01.01,2025-08-29,0.5,coordination for DA lodgement,APPROVED,,
PSEC-003,240607,TD.01.03,2025-08-29,5,,APPROVED,,
PSEC-010,240917,TD.01.03,2025-08-29,1,,APPROVED,,
PSEC-010,170130,TD.01.01,2025-08-29,6.5,,APPROVED,,
PSEC-012,240607,TD.01.04,2025-08-29,7.5,Update interior design and drawings.,APPROVED,,
PSEC-101,888,TD.02.04,2025-08-29,7.5,,APPROVED,,
PSEC-001,200311,TD.01.02,2025-08-28,7.5,,APPROVED,,
PSEC-003,250414,TD.01.01,2025-08-28,4.5,"DA consultants list, emails for quotation",APPROVED,,
PSEC-003,221130,TD.01.00,2025-08-28,1,DAU form,APPROVED,,
PSEC-003,240607,TD.01.03,2025-08-28,2,slab setout,APPROVED,,
PSEC-010,170130,TD.01.01,2025-08-28,7,,APPROVED,,
PSEC-010,230925,TD.01.09,2025-08-28,0.5,,APPROVED,,
PSEC-012,240607,TD.01.04,2025-08-28,7.5,Update the interior design and drawings.,APPROVED,,
PSEC-101,888,TD.02.04,2025-08-28,7.5,,APPROVED,,
PSEC-001,200311,TD.01.02,2025-08-27,7.5,,APPROVED,,
PSEC-003,250414,TD.01.00,2025-08-27,2,"phone call, emails to Council",APPROVED,,
PSEC-003,240408,TD.01.01,2025-08-27,3,"phone call with client, SWC, review SW comments, emails phone call to enginners",APPROVED,,
PSEC-003,240313,TD.01.01,2025-08-27,1.5,repsonse to planner,APPROVED,,
PSEC-003,240607,TD.01.01,2025-08-27,1,,APPROVED,,
PSEC-010,170130,TD.01.01,2025-08-27,6.5,,APPROVED,,
PSEC-010,240917,TD.01.03,2025-08-27,1,,APPROVED,,
PSEC-012,240607,TD.01.03,2025-08-27,5.5,Update lighting drawings and calculate the lighting quantity. Update lighting schedule.,APPROVED,,
PSEC-012,240917,TD.01.03,2025-08-27,2,Calculate the lighting quantity.,APPROVED,,
PSEC-101,888,TD.02.04,2025-08-27,7.5,,APPROVED,,
PSEC-001,200311,TD.01.02,2025-08-26,7.5,,APPROVED,,
PSEC-003,230403,TD.01.00,2025-08-26,7.5,DAU planning coverletter & package,APPROVED,,
PSEC-010,170130,TD.01.01,2025-08-26,7.5,,APPROVED,,
PSEC-012,250311,TD.01.01,2025-08-26,7.5,Update Da package and coordinate with client.,APPROVED,,
PSEC-101,888,TD.02.04,2025-08-26,7.5,,APPROVED,,
PSEC-001,200311,TD.01.01,2025-08-25,7.5,,APPROVED,,
PSEC-003,230403,TD.01.00,2025-08-25,4,Pre-DA,APPROVED,,
PSEC-003,221130,TD.01.00,2025-08-25,2,Pre-DA,APPROVED,,
PSEC-003,231012,TD.01.01,2025-08-25,1,DA coordination,APPROVED,,
PSEC-003,240313,TD.01.01,2025-08-25,0.5,DA coordination,APPROVED,,
PSEC-010,170130,TD.01.01,2025-08-25,6,,APPROVED,,
PSEC-010,230403,TD.01.00,2025-08-25,1.5,,APPROVED,,
PSEC-012,250311,TD.01.01,2025-08-25,7.5,Update Da package,APPROVED,,
PSEC-101,888,TD.02.04,2025-08-25,7.5,,APPROVED,,
PSEC-001,210212,TD.01.02,2025-08-22,4,,APPROVED,,
PSEC-001,200311,TD.01.02,2025-08-22,3.5,,APPROVED,,
PSEC-003,201112,TD.02.01,2025-08-22,1,admin,APPROVED,,
PSEC-003,170130,TD.01.01,2025-08-22,1,emails witt surveyor & environmental consultant,APPROVED,,
PSEC-003,240313,TD.01.01,2025-08-22,1,Jetty coordination,APPROVED,,
PSEC-003,240607,TD.01.03,2025-08-22,2,review structural drawing,APPROVED,,
PSEC-003,230403,TD.01.00,2025-08-22,1.5,,APPROVED,,
PSEC-010,240917,TD.01.03,2025-08-22,2,,APPROVED,,
PSEC-010,170130,TD.01.01,2025-08-22,5.5,,APPROVED,,
PSEC-012,240313,TD.01.01,2025-08-22,2,Update drawings,APPROVED,,
PSEC-012,250311,TD.01.01,2025-08-22,5.5,Update drawings for da,APPROVED,,
PSEC-101,888,TD.02.04,2025-08-22,7.5,,APPROVED,,
PSEC-001,210212,TD.01.02,2025-08-21,6.5,,APPROVED,,
PSEC-001,200311,TD.01.02,2025-08-21,1,,APPROVED,,
PSEC-003,221130,TD.01.00,2025-08-21,6.25,,APPROVED,,
PSEC-003,250311,TD.01.01,2025-08-21,1,review drawings,APPROVED,,
PSEC-003,231012,TD.01.01,2025-08-21,0.25,review Stormwater OSD location,APPROVED,,
PSEC-010,230403,TD.01.00,2025-08-21,3.5,,APPROVED,,
PSEC-010,240917,TD.01.03,2025-08-21,4,,APPROVED,,
PSEC-012,250311,TD.01.01,2025-08-21,7.5,Update da drawing set,APPROVED,,
PSEC-101,888,TD.02.04,2025-08-21,7.5,,APPROVED,,
PSEC-001,210212,TD.01.02,2025-08-20,7.5,,APPROVED,,
PSEC-003,221130,TD.01.00,2025-08-20,5.5,,APPROVED,,
PSEC-003,240313,TD.01.01,2025-08-20,2,"review planner comment, coordination with environmental, landscape, stromwater consultants",APPROVED,,
PSEC-010,230403,TD.01.00,2025-08-20,7,,APPROVED,,
PSEC-010,210212,TD.01.09,2025-08-20,0.5,Mesh banner CGI,APPROVED,,
PSEC-012,250311,TD.01.01,2025-08-20,7.5,Update DA drawing set,APPROVED,,
PSEC-101,888,TD.02.04,2025-08-20,7.5,,APPROVED,,
PSEC-001,200311,TD.01.02,2025-08-19,2,,APPROVED,,
PSEC-001,210212,TD.01.02,2025-08-19,5.5,,APPROVED,,
PSEC-003,201112,TD.02.01,2025-08-19,3.5,"- PCA, BCA, DDA coordination - buildertrend",APPROVED,,
PSEC-003,221130,TD.01.00,2025-08-19,4,,APPROVED,,
PSEC-010,210212,TD.01.09,2025-08-19,4,Sample board & Logo,APPROVED,,
PSEC-010,230403,TD.01.00,2025-08-19,3.5,,APPROVED,,
PSEC-012,250311,TD.01.01,2025-08-19,7.5,Doing the DA drawings set,APPROVED,,
PSEC-101,888,TD.02.04,2025-08-19,7.5,,APPROVED,,
PSEC-001,200311,TD.01.02,2025-08-18,7.5,,APPROVED,,
PSEC-003,240607,TD.01.03,2025-08-18,3.5,-Stromwater Markup -window,APPROVED,,
PSEC-003,221130,TD.01.00,2025-08-18,4,,APPROVED,,
PSEC-010,210212,TD.01.09,2025-08-18,1,Mesh Banner,APPROVED,,
PSEC-010,230403,TD.01.00,2025-08-18,6.5,,APPROVED,,
PSEC-012,240313,TD.01.01,2025-08-18,4.5,Review SEE report. Update da drawings as planner's requirement.,APPROVED,,
PSEC-012,250311,TD.01.01,2025-08-18,3,Doing the DA drawings set.,APPROVED,,
PSEC-101,888,TD.02.04,2025-08-18,7.5,,APPROVED,,
PSEC-001,171129,TD.01.01,2025-08-15,4,,APPROVED,,
PSEC-001,200311,TD.01.02,2025-08-15,3.5,,APPROVED,,
PSEC-003,221130,TD.01.00,2025-08-15,7.5,,APPROVED,,
PSEC-010,230403,TD.01.00,2025-08-15,7.5,,APPROVED,,
PSEC-012,250311,TD.01.01,2025-08-15,7.5,Doing DA package,APPROVED,,
PSEC-101,888,TD.02.04,2025-08-15,7.5,,APPROVED,,
PSEC-001,200311,TD.01.02,2025-08-14,5.5,,APPROVED,,
PSEC-001,171129,TD.01.01,2025-08-14,2,,APPROVED,,
PSEC-003,250311,TD.00.00,2025-08-14,1,review letter_ pool,APPROVED,,
PSEC-003,221130,TD.01.00,2025-08-14,1,,APPROVED,,
PSEC-010,888,TD.00.02,2025-08-14,7.5,,APPROVED,,
PSEC-012,240607,TD.01.02,2025-08-14,2,Go through the drawing with builder. Update the drawings.,APPROVED,,
PSEC-012,250311,TD.01.01,2025-08-14,5.5,Setup the da package,APPROVED,,
PSEC-101,888,TD.02.04,2025-08-14,6.5,,APPROVED,,
PSEC-101,888,TD.02.04,2025-08-14,1,,APPROVED,,
PSEC-001,200311,TD.01.02,2025-08-13,7.5,,APPROVED,,
PSEC-003,221130,TD.01.00,2025-08-13,4,,APPROVED,,
PSEC-003,231012,TD.01.01,2025-08-13,3.5,coordination,APPROVED,,
PSEC-010,210212,TD.01.09,2025-08-13,7.5,,APPROVED,,
PSEC-012,240607,TD.01.03,2025-08-13,3,Tidy up the lighting drawings based on smart home drawings. Go through the latest drawings and send smart home drawings to builder.,APPROVED,,
PSEC-012,250311,TD.01.01,2025-08-13,4.5,Update drawings based on client requirements.,APPROVED,,
PSEC-101,888,TD.02.04,2025-08-13,7.5,,APPROVED,,
PSEC-001,200311,TD.01.02,2025-08-12,6.5,,APPROVED,,
PSEC-001,210212,TD.01.02,2025-08-12,1,,APPROVED,,
PSEC-003,240408,TD.00.00,2025-08-12,1,"email, phone call",APPROVED,,
PSEC-003,231012,TD.01.01,2025-08-12,6.5,,APPROVED,,
PSEC-003,221130,TD.01.00,2025-08-12,1,,APPROVED,,
PSEC-010,210212,TD.01.09,2025-08-12,7.5,,APPROVED,,
PSEC-012,250311,TD.01.01,2025-08-12,7.5,Update the topo on model and survey plan. Update the elevations and drawings based on client's feedback.,APPROVED,,
PSEC-101,888,TD.02.04,2025-08-12,7.5,Site Measure,APPROVED,,
PSEC-001,200311,TD.01.02,2025-08-11,7.5,,APPROVED,,
PSEC-003,231012,TD.01.01,2025-08-11,7.5,,APPROVED,,
PSEC-010,210212,TD.01.09,2025-08-11,7.5,,APPROVED,,
PSEC-012,240607,TD.01.03,2025-08-11,7.5,Update the detailed drawings and update the interior drawings. Go through the smart home drawings and confirm with supplier and client.,APPROVED,,
PSEC-101,888,TD.02.04,2025-08-11,7,Pick Up Sample,APPROVED,,
PSEC-101,888,TD.02.04,2025-08-11,0.5,Quote Compare for North Ryde,APPROVED,,
PSEC-001,200311,TD.01.02,2025-08-08,7.5,,APPROVED,,
PSEC-003,231012,TD.01.01,2025-08-08,7.5,,APPROVED,,
PSEC-010,210212,TD.01.09,2025-08-08,7.5,,APPROVED,,
PSEC-012,888,TD.01.09,2025-08-08,4.5,Update 41-43 marketing layout plan,APPROVED,,
PSEC-012,240607,TD.01.01,2025-08-08,3,Meeting with client,APPROVED,,
PSEC-001,171129,TD.01.01,2025-08-07,1,,APPROVED,,
PSEC-001,200311,TD.01.02,2025-08-07,4.5,,APPROVED,,
PSEC-001,888,TD.00.03,2025-08-07,2,,APPROVED,,
PSEC-003,888,TD.00.02,2025-08-07,7.5,,APPROVED,,
PSEC-010,210212,TD.01.09,2025-08-07,2.5,,APPROVED,,
PSEC-012,250311,TD.01.01,2025-08-07,4,Update elevations and floor plan.,APPROVED,,
PSEC-012,888,TD.01.09,2025-08-07,3.5,Doing the marketing layout,APPROVED,,
PSEC-001,200311,TD.01.02,2025-08-06,6.5,,APPROVED,,
PSEC-001,210212,TD.01.09,2025-08-06,1,,APPROVED,,
PSEC-003,231012,TD.01.01,2025-08-06,7.5,,APPROVED,,
PSEC-010,210212,TD.01.09,2025-08-06,7.5,,APPROVED,,
PSEC-012,250311,TD.01.01,2025-08-06,4,Update drawings,APPROVED,,
PSEC-012,240607,TD.01.01,2025-08-06,3.5,Update the joinery drawings,APPROVED,,
PSEC-001,171129,TD.01.01,2025-08-05,1.5,,APPROVED,,
PSEC-001,200311,TD.01.02,2025-08-05,5,,APPROVED,,
PSEC-001,210212,TD.01.02,2025-08-05,1,,APPROVED,,
PSEC-003,231012,TD.01.01,2025-08-05,7.5,,APPROVED,,
PSEC-010,210212,TD.01.09,2025-08-05,7.5,Marketing,APPROVED,,
PSEC-012,250311,TD.01.01,2025-08-05,7.5,Update the elevations design and floor plans.,APPROVED,,
PSEC-001,171129,TD.01.01,2025-08-04,7.5,,APPROVED,,
PSEC-003,231012,TD.01.01,2025-08-04,7.5,,APPROVED,,
PSEC-010,240917,TD.01.03,2025-08-04,3,,APPROVED,,
PSEC-010,230403,TD.01.00,2025-08-04,2,,APPROVED,,
PSEC-010,210212,TD.01.09,2025-08-04,2.5,,APPROVED,,
PSEC-012,240607,TD.01.03,2025-08-04,5,Review the smart home drawings. Go through the fee proposal with smart home supplier. Update the elevation drawings.,APPROVED,,
PSEC-012,250311,TD.01.01,2025-08-04,2.5,Update the elevation design.,APPROVED,,
PSEC-001,171129,TD.01.01,2025-08-01,7.5,,APPROVED,,
PSEC-003,231012,TD.01.01,2025-08-01,7.5,,APPROVED,,
PSEC-010,210212,TD.01.09,2025-08-01,6,Marketing Plans,APPROVED,,
PSEC-010,230403,TD.01.00,2025-08-01,1.5,,APPROVED,,
PSEC-012,240607,TD.01.01,2025-08-01,2,Coordinate with smart home supplier and client. Select fireplace.,APPROVED,,
PSEC-012,240313,TD.01.01,2025-08-01,4,Update drawings for DA submission.,APPROVED,,
PSEC-012,250311,TD.01.01,2025-08-01,1.5,Update model and elevation design.,APPROVED,,
PSEC-001,171129,TD.01.01,2025-07-31,4.5,,APPROVED,,
PSEC-001,888,TD.00.03,2025-07-31,3,Medical,APPROVED,,
PSEC-003,250414,TD.01.00,2025-07-31,5.5,,APPROVED,,
PSEC-003,240607,TD.01.03,2025-07-31,2,meeting with client,APPROVED,,
PSEC-010,210212,TD.00.00,2025-07-31,0.5,Meeting,APPROVED,,
PSEC-010,240917,TD.01.03,2025-07-31,0.5,,APPROVED,,
PSEC-012,240607,TD.01.01,2025-07-31,2.5,Meeting with client,APPROVED,,
PSEC-012,240313,TD.01.01,2025-07-31,5,Update drawings for DA submission.,APPROVED,,
PSEC-101,888,TD.01.09,2025-07-31,7.5,PSEC CV,APPROVED,,
PSEC-001,171129,TD.01.01,2025-07-30,5.5,,APPROVED,,
PSEC-001,888,TD.00.03,2025-07-30,2,Medical,APPROVED,,
PSEC-003,250414,TD.01.00,2025-07-30,6.5,,APPROVED,,
PSEC-003,210212,TD.01.09,2025-07-30,1,marketing floor plans,APPROVED,,
PSEC-010,240917,TD.01.02,2025-07-30,1.5,Discuss with Ewen,APPROVED,,
PSEC-010,210212,TD.01.09,2025-07-30,5,Marketing Plans,APPROVED,,
PSEC-012,250311,TD.01.01,2025-07-30,6,Update plan and elevation,APPROVED,,
PSEC-012,240313,TD.01.01,2025-07-30,1.5,Update drawings for DA submission,APPROVED,,
PSEC-101,888,TD.01.09,2025-07-30,7.5,PSEC CV,APPROVED,,
PSEC-001,171129,TD.01.01,2025-07-29,4.5,,APPROVED,,
PSEC-001,200311,TD.01.02,2025-07-29,2,,APPROVED,,
PSEC-001,210212,TD.01.01,2025-07-29,1,,APPROVED,,
PSEC-003,231012,TD.01.00,2025-07-29,1,meeting with council,APPROVED,,
PSEC-003,240313,TD.01.01,2025-07-29,1,- DA package filing - email consultants,APPROVED,,
PSEC-003,250414,TD.01.00,2025-07-29,5.5,,APPROVED,,
PSEC-010,230403,TD.01.00,2025-07-29,4.5,3 dwellings & Dual occupancy,APPROVED,,
PSEC-010,240917,TD.01.02,2025-07-29,3,,APPROVED,,
PSEC-012,240607,TD.01.01,2025-07-29,2,Markup the smart home drawing. Request the quotation.,APPROVED,,
PSEC-012,240313,TD.01.01,2025-07-29,5.5,Update drawings for DA submission.,APPROVED,,
PSEC-101,888,TD.01.09,2025-07-29,7.5,PSEC CV,APPROVED,,
PSEC-001,200311,TD.01.02,2025-07-28,5.5,,APPROVED,,
PSEC-001,888,TD.00.04,2025-07-28,1,,APPROVED,,
PSEC-001,210212,TD.01.01,2025-07-28,1,,APPROVED,,
PSEC-003,888,TD.00.04,2025-07-28,1.5,office meeting,APPROVED,,
PSEC-003,240607,TD.01.03,2025-07-28,1,review smart home drawings,APPROVED,,
PSEC-003,240313,TD.01.01,2025-07-28,0.5,check consultant reports,APPROVED,,
PSEC-003,250414,TD.01.00,2025-07-28,4.5,,APPROVED,,
PSEC-010,888,TD.00.04,2025-07-28,1.5,office meeting,APPROVED,,
PSEC-010,230403,TD.01.00,2025-07-28,2,,APPROVED,,
PSEC-010,240917,TD.01.03,2025-07-28,4,Sections,APPROVED,,
PSEC-012,240313,TD.01.01,2025-07-28,6,Update drawings for Da submission,APPROVED,,
PSEC-012,888,TD.00.04,2025-07-28,1.5,Internal meeting,APPROVED,,
PSEC-101,888,TD.02.04,2025-07-28,7.5,North Willougby,APPROVED,,
PSEC-001,171129,TD.01.01,2025-07-25,4,,APPROVED,,
PSEC-003,250311,TD.01.00,2025-07-25,7.5,,APPROVED,,
PSEC-010,888,TD.01.00,2025-07-25,4,meeting with Client,APPROVED,,
PSEC-010,230403,TD.01.01,2025-07-25,3.5,,APPROVED,,
PSEC-012,240607,TD.01.01,2025-07-25,2.5,Update RCP drawings and coordinate with client.,APPROVED,,
PSEC-012,240313,TD.01.01,2025-07-25,5,Review drawings and update drawings. Export drawings to stormwater.,APPROVED,,
PSEC-101,888,TD.01.09,2025-07-25,7.5,PPT for Kiama and Gerringong,APPROVED,,
PSEC-001,200311,TD.01.02,2025-07-24,7.5,,APPROVED,,
PSEC-003,250414,TD.01.00,2025-07-24,7.5,,APPROVED,,
PSEC-010,230403,TD.01.01,2025-07-24,7.5,,APPROVED,,
PSEC-012,171129,TD.01.01,2025-07-24,2.5,Update drawings for council's RFI,APPROVED,,
PSEC-012,240607,TD.01.01,2025-07-24,5,Update drawings and coordinate builder for setout. Update FFE and markup smart home drawings.,APPROVED,,
PSEC-101,888,TD.02.04,2025-07-24,7.5,North Willoughby,APPROVED,,
PSEC-001,200311,TD.01.02,2025-07-23,7,,APPROVED,,
PSEC-001,171129,TD.01.01,2025-07-23,0.5,,APPROVED,,
PSEC-001,210212,TD.01.02,2025-07-23,2.5,Update drawings for council's RFI,APPROVED,,
PSEC-003,250414,TD.01.00,2025-07-23,7.5,,APPROVED,,
PSEC-010,201112,TD.01.01,2025-07-23,7.5,,APPROVED,,
PSEC-012,240607,TD.01.01,2025-07-23,5,Update drawings and coordinate with client for joinery,APPROVED,,
PSEC-101,888,TD.02.04,2025-07-23,7.5,North Willoughby,APPROVED,,
PSEC-001,200311,TD.01.01,2025-07-22,1,,APPROVED,,
PSEC-001,171129,TD.01.01,2025-07-22,6.5,,APPROVED,,
PSEC-003,250414,TD.01.00,2025-07-22,7.5,,APPROVED,,
PSEC-010,201112,TD.01.01,2025-07-22,7.5,,APPROVED,,
PSEC-012,171129,TD.01.01,2025-07-22,7.5,Check the car parking space and update the drawings and schedule for council's RFI,APPROVED,,
PSEC-101,888,TD.02.04,2025-07-22,7.5,North Willoughby,APPROVED,,
PSEC-001,200311,TD.01.02,2025-07-21,6,,APPROVED,,
PSEC-001,171129,TD.01.01,2025-07-21,1.5,,APPROVED,,
PSEC-003,250414,TD.01.00,2025-07-21,7.5,,APPROVED,,
PSEC-010,230403,TD.01.00,2025-07-21,7.5,,APPROVED,,
PSEC-012,171129,TD.01.01,2025-07-21,7.5,Update drawings for council's RFI,APPROVED,,
PSEC-101,888,TD.02.04,2025-07-21,7.5,North Willoughby,APPROVED,,
PSEC-001,200311,TD.01.02,2025-07-18,5,,APPROVED,,
PSEC-001,171129,TD.01.01,2025-07-18,2.5,,APPROVED,,
PSEC-003,231012,TD.01.00,2025-07-18,7.5,,APPROVED,,
PSEC-010,240917,TD.01.03,2025-07-18,3.5,,APPROVED,,
PSEC-010,888,TD.01.01,2025-07-18,4,51 Drumalbyn Rd CGI,APPROVED,,
PSEC-012,240607,TD.01.01,2025-07-18,5,Update interior drawings and coordinate with supplier.,APPROVED,,
PSEC-012,171129,TD.01.01,2025-07-18,2.5,Coordinate with terry and team for car parking space. Review the typical drawings. Update the summary sheet.,APPROVED,,
PSEC-101,888,TD.02.04,2025-07-18,7.5,,APPROVED,,
PSEC-001,200311,TD.01.02,2025-07-17,3,,APPROVED,,
PSEC-001,171129,TD.01.01,2025-07-17,4.5,,APPROVED,,
PSEC-003,231012,TD.01.01,2025-07-17,7.5,,APPROVED,,
PSEC-010,230925,TD.01.01,2025-07-17,6.5,CGI,APPROVED,,
PSEC-010,240917,TD.01.02,2025-07-17,1,,APPROVED,,
PSEC-012,171129,TD.01.01,2025-07-17,6.5,Update drawings for RFI.,APPROVED,,
PSEC-012,240607,TD.01.01,2025-07-17,1,Export drawings and dwg for joinery supplier.,APPROVED,,
PSEC-101,888,TD.02.04,2025-07-17,7.5,"30 Neville St, North Willoughby",APPROVED,,
PSEC-001,171129,TD.01.01,2025-07-16,7.5,,APPROVED,,
PSEC-003,240313,TD.01.01,2025-07-16,2,chat with client,APPROVED,,
PSEC-003,231012,TD.01.01,2025-07-16,3.5,plan update,APPROVED,,
PSEC-003,250414,TD.01.00,2025-07-16,0.5,,APPROVED,,
PSEC-010,230925,TD.01.01,2025-07-16,2,CGI,APPROVED,,
PSEC-010,210212,TD.01.01,2025-07-16,5.5,CGI,APPROVED,,
PSEC-012,171129,TD.01.01,2025-07-16,7.5,Update drawings for RFI,APPROVED,,
PSEC-101,888,TD.02.04,2025-07-16,7.5,"30 Neville St, North Willoughby",APPROVED,,
PSEC-001,200311,TD.01.02,2025-07-15,2,,APPROVED,,
PSEC-001,171129,TD.01.01,2025-07-15,5.5,,APPROVED,,
PSEC-003,250414,TD.01.00,2025-07-15,7.5,,APPROVED,,
PSEC-010,210212,TD.01.01,2025-07-15,3,CGI,APPROVED,,
PSEC-010,240917,TD.01.04,2025-07-15,4.5,,APPROVED,,
PSEC-012,171129,TD.01.01,2025-07-15,7.5,Update drawings for RFI,APPROVED,,
PSEC-101,888,TD.02.04,2025-07-15,7.5,"30 Neville St, North Willoughby",APPROVED,,
PSEC-001,171129,TD.01.01,2025-07-14,7.5,,APPROVED,,
PSEC-003,250414,TD.01.00,2025-07-14,7.5,,APPROVED,,
PSEC-010,240917,TD.01.04,2025-07-14,7.5,,APPROVED,,
PSEC-012,240607,TD.01.01,2025-07-14,3,Update interior drawings,APPROVED,,
PSEC-012,250311,TD.01.01,2025-07-14,4.5,Update facade design,APPROVED,,
PSEC-101,888,TD.02.04,2025-07-14,7.5,"30 Neville St, North Willoughby",APPROVED,,
PSEC-001,171129,TD.01.01,2025-07-11,6,,APPROVED,,
PSEC-001,200311,TD.01.02,2025-07-11,1.5,,APPROVED,,
PSEC-003,240607,TD.01.03,2025-07-11,1.5,window&slab setout,APPROVED,,
PSEC-012,240607,TD.01.01,2025-07-11,7.5,Update interior drawings and slab setout.,APPROVED,,
PSEC-013,200311,TD.01.02,2025-07-11,8,,APPROVED,,
PSEC-101,888,TD.02.04,2025-07-11,7.5,,APPROVED,,
PSEC-001,171129,TD.01.01,2025-07-10,7.5,,APPROVED,,
PSEC-003,240408,TD.01.01,2025-07-10,2,review SEA updates,APPROVED,,
PSEC-003,250414,TD.01.00,2025-07-10,4.5,,APPROVED,,
PSEC-003,170130,TD.02.01,2025-07-10,1,office meeting,APPROVED,,
PSEC-010,240917,TD.01.04,2025-07-10,7.5,,APPROVED,,
PSEC-012,250311,TD.01.01,2025-07-10,7.5,Doing the facade design and update the theme board.,APPROVED,,
PSEC-101,888,TD.02.04,2025-07-10,7.5,,APPROVED,,
PSEC-001,200311,TD.01.02,2025-07-09,4,,APPROVED,,
PSEC-003,250414,TD.01.00,2025-07-09,7.5,,APPROVED,,
PSEC-010,240917,TD.01.04,2025-07-09,7.5,,APPROVED,,
PSEC-012,250311,TD.01.01,2025-07-09,5,Doing the theme board and facade design.,APPROVED,,
PSEC-012,210212,TD.01.01,2025-07-09,2.5,Change the color for facade.,APPROVED,,
PSEC-101,888,TD.02.04,2025-07-09,7.5,,APPROVED,,
PSEC-001,171129,TD.01.01,2025-07-08,7.5,,APPROVED,,
PSEC-003,231012,TD.01.00,2025-07-08,7.5,,APPROVED,,
PSEC-010,240917,TD.01.04,2025-07-08,7.5,,APPROVED,,
PSEC-012,250311,TD.01.01,2025-07-08,7.5,Doing the facade design.,APPROVED,,
PSEC-101,888,TD.02.04,2025-07-08,7.5,,APPROVED,,
PSEC-001,210212,TD.01.01,2025-07-07,1.5,,APPROVED,,
PSEC-001,171129,TD.01.01,2025-07-07,6,,APPROVED,,
PSEC-003,231012,TD.01.00,2025-07-07,7.5,,APPROVED,,
PSEC-010,240917,TD.01.04,2025-07-07,7.5,,APPROVED,,
PSEC-012,250311,TD.01.01,2025-07-07,7.5,Doing the facade design.,APPROVED,,
PSEC-101,888,TD.02.04,2025-07-07,7.5,ground level concrete recalculate,APPROVED,,
PSEC-001,171129,TD.01.01,2025-07-04,7.5,,APPROVED,,
PSEC-003,240313,TD.01.01,2025-07-04,7.5,,APPROVED,,
PSEC-010,240917,TD.01.02,2025-07-04,7,,APPROVED,,
PSEC-010,240708,TD.01.02,2025-07-04,0.5,,APPROVED,,
PSEC-101,888,TD.02.04,2025-07-04,7.5,,APPROVED,,
PSEC-001,200311,TD.01.01,2025-07-03,4,,APPROVED,,
PSEC-001,171129,TD.01.01,2025-07-03,3.5,,APPROVED,,
PSEC-003,231012,TD.01.01,2025-07-03,6.5,,APPROVED,,
PSEC-003,240408,TD.02.01,2025-07-03,1,"phone call, emails",APPROVED,,
PSEC-010,240917,TD.01.02,2025-07-03,7.5,,APPROVED,,
PSEC-012,170130,TD.01.01,2025-07-03,7.5,Update model and drawings for 26 lots.,APPROVED,,
PSEC-101,888,TD.02.04,2025-07-03,7.5,,APPROVED,,
PSEC-001,231012,TD.01.01,2025-07-02,4,,APPROVED,,
PSEC-001,171129,TD.01.01,2025-07-02,3.5,,APPROVED,,
PSEC-003,210212,TD.01.00,2025-07-02,4,affordable scheme,APPROVED,,
PSEC-003,231012,TD.01.01,2025-07-02,3.5,,APPROVED,,
PSEC-010,170130,TD.01.00,2025-07-02,6.5,,APPROVED,,
PSEC-010,888,TD.01.00,2025-07-02,1,"10 Lavoni St, Mosman",APPROVED,,
PSEC-012,170130,TD.01.01,2025-07-02,7.5,Update the model and drawings for 26 lots.,APPROVED,,
PSEC-101,888,TD.02.04,2025-07-02,7.5,,APPROVED,,
PSEC-001,231012,TD.01.01,2025-07-01,7.5,,APPROVED,,
PSEC-003,170130,TD.00.04,2025-07-01,1,office meeting,APPROVED,,
PSEC-003,240313,TD.01.01,2025-07-01,3,"- meeting with client, environmental consultant",APPROVED,,
PSEC-003,210212,TD.01.00,2025-07-01,3.5,- affordable scheme,APPROVED,,
PSEC-010,170130,TD.01.00,2025-07-01,7,,APPROVED,,
PSEC-010,240708,TD.01.02,2025-07-01,0.5,,APPROVED,,
PSEC-012,250311,TD.01.01,2025-07-01,2,Update the elevation design,APPROVED,,
PSEC-012,170130,TD.01.01,2025-07-01,5.5,Meeting for 26 lots. Brief me the project information. Update the model and drawings.,APPROVED,,
PSEC-101,888,TD.02.04,2025-07-01,7.5,,APPROVED,,
PSEC-001,200311,TD.01.01,2025-06-30,4,,APPROVED,,
PSEC-001,231012,TD.01.01,2025-06-30,3.5,,APPROVED,,
PSEC-003,250311,TD.01.00,2025-06-30,7,-sk plan -chat with client,APPROVED,,
PSEC-003,170130,TD.02.01,2025-06-30,0.25,DCP & yield check,APPROVED,,
PSEC-003,240408,TD.02.01,2025-06-30,0.25,email & phone call,APPROVED,,
PSEC-003,240313,TD.02.01,2025-06-30,0.25,DA plans,APPROVED,,
PSEC-010,170130,TD.01.00,2025-06-30,7.5,,APPROVED,,
PSEC-012,240607,TD.01.01,2025-06-30,1,Update drawings for dinning area. Discuss with client.,APPROVED,,
PSEC-012,240313,TD.01.01,2025-06-30,6.5,Update driveway section_cut and fill plan_boat shed elevation for DA submission.,APPROVED,,
PSEC-101,888,TD.02.04,2025-06-30,7.5,,APPROVED,,
PSEC-001,231012,TD.01.01,2025-06-27,5,,APPROVED,,
PSEC-001,171129,TD.01.01,2025-06-27,1.5,,APPROVED,,
PSEC-001,200311,TD.01.01,2025-06-27,1,,APPROVED,,
PSEC-003,240313,TD.02.01,2025-06-27,1.5,jetty,APPROVED,,
PSEC-003,888,TD.00.04,2025-06-27,1,projectmeeting,APPROVED,,
PSEC-003,240607,TD.01.03,2025-06-27,0.5,review interior,APPROVED,,
PSEC-003,250311,TD.01.00,2025-06-27,4.5,,APPROVED,,
PSEC-012,240607,TD.01.01,2025-06-27,7.5,Update interior drawings and lighting.,APPROVED,,
PSEC-101,888,TD.02.04,2025-06-27,7.5,,APPROVED,,
PSEC-001,231012,TD.01.01,2025-06-26,6,,APPROVED,,
PSEC-001,171129,TD.01.01,2025-06-26,1,,APPROVED,,
PSEC-001,210212,TD.01.01,2025-06-26,0.5,,APPROVED,,
PSEC-003,210212,TD.01.00,2025-06-26,7.5,,APPROVED,,
PSEC-012,240607,TD.01.01,2025-06-26,7.5,Update interior layout and product.,APPROVED,,
PSEC-101,888,TD.02.04,2025-06-26,7.5,,APPROVED,,
PSEC-001,231012,TD.01.01,2025-06-25,7,,APPROVED,,
PSEC-001,210212,TD.01.01,2025-06-25,0.5,,APPROVED,,
PSEC-003,240607,TD.01.03,2025-06-25,1,,APPROVED,,
PSEC-003,210212,TD.01.00,2025-06-25,6.5,,APPROVED,,
PSEC-012,250311,TD.01.01,2025-06-25,1,Meeting with client to discuss the layout.,APPROVED,,
PSEC-012,240607,TD.01.01,2025-06-25,6.5,Update interior drawings and products. Update bathroom setout.,APPROVED,,
PSEC-101,888,TD.02.04,2025-06-25,7.5,,APPROVED,,
PSEC-001,231012,TD.01.01,2025-06-24,7.5,,APPROVED,,
PSEC-003,210212,TD.01.00,2025-06-24,5.5,,APPROVED,,
PSEC-003,250311,TD.01.01,2025-06-24,2,meeting with Client,APPROVED,,
PSEC-012,240607,TD.01.01,2025-06-24,7.5,Select products from Kohler as client requirement.,APPROVED,,
PSEC-101,888,TD.02.04,2025-06-24,7.5,,APPROVED,,
PSEC-001,210212,TD.01.01,2025-06-23,0.5,,APPROVED,,
PSEC-001,231012,TD.01.01,2025-06-23,6,,APPROVED,,
PSEC-001,200311,TD.01.02,2025-06-23,1,,APPROVED,,
PSEC-003,250311,TD.02.01,2025-06-23,0.5,wechat client_setup meeting,APPROVED,,
PSEC-003,240313,TD.01.01,2025-06-23,1.5,wechat client_email consultants,APPROVED,,
PSEC-003,240607,TD.01.03,2025-06-23,1,-window -toliet,APPROVED,,
PSEC-003,888,TD.02.01,2025-06-23,0.5,search Level 33 Akuna DA information,APPROVED,,
PSEC-003,210212,TD.01.00,2025-06-23,4.25,,APPROVED,,
PSEC-012,240607,TD.01.01,2025-06-23,7.5,Doing the plumbing setout. Confirm the products from client.,APPROVED,,
PSEC-101,888,TD.02.04,2025-06-23,7.5,,APPROVED,,
PSEC-001,200311,TD.01.02,2025-06-20,3,,APPROVED,,
PSEC-001,231012,TD.01.01,2025-06-20,4.5,,APPROVED,,
PSEC-003,250414,TD.01.00,2025-06-20,2,Council Meeting,APPROVED,,
PSEC-003,240607,TD.02.01,2025-06-20,5.5,-RCP meeting with client -smart home presentation -sewerage,APPROVED,,
PSEC-012,240607,TD.01.01,2025-06-20,7.5,Meeting with client and smart home consultants. Prepare drawings for meeting. Update drawings as per requirement.,APPROVED,,
PSEC-101,888,TD.02.04,2025-06-20,1.5,,APPROVED,,
PSEC-101,888,TD.02.04,2025-06-20,6,Linfield,APPROVED,,
PSEC-001,200311,TD.01.02,2025-06-19,3,,APPROVED,,
PSEC-001,231012,TD.01.01,2025-06-19,4.5,,APPROVED,,
PSEC-003,888,TD.01.00,2025-06-19,2,1-9 11Meagher St Chippendale Planning,APPROVED,,
PSEC-003,250414,TD.01.00,2025-06-19,0.5,,APPROVED,,
PSEC-003,250311,TD.02.01,2025-06-19,0.5,consultant,APPROVED,,
PSEC-012,240607,TD.01.01,2025-06-19,7.5,Select lighting for this project. Review the ceiling design.,APPROVED,,
PSEC-101,888,TD.02.04,2025-06-19,7.5,Linfield,APPROVED,,
PSEC-001,200311,TD.01.02,2025-06-18,2,,APPROVED,,
PSEC-001,231012,TD.01.01,2025-06-18,5.5,,APPROVED,,
PSEC-003,250311,TD.01.00,2025-06-18,6.25,,APPROVED,,
PSEC-003,240607,TD.01.03,2025-06-18,1,,APPROVED,,
PSEC-003,240408,TD.02.01,2025-06-18,0.25,phone call with Client,APPROVED,,
PSEC-012,240607,TD.01.01,2025-06-18,7.5,Select the fixtures and fittings for this project.,APPROVED,,
PSEC-101,888,TD.02.04,2025-06-18,7.5,Linfield,APPROVED,,
PSEC-001,210212,TD.01.01,2025-06-17,1,,APPROVED,,
PSEC-001,231012,TD.01.01,2025-06-17,6,,APPROVED,,
PSEC-001,200311,TD.01.02,2025-06-17,0.5,,APPROVED,,
PSEC-003,240313,TD.01.01,2025-06-17,1,- consultant list,APPROVED,,
PSEC-003,250311,TD.01.00,2025-06-17,6.5,- SK,APPROVED,,
PSEC-012,240607,TD.01.01,2025-06-17,7.5,Select the fixtures and fittings for this project. Confirm information with client.,APPROVED,,
PSEC-101,888,TD.02.04,2025-06-17,7.5,Linfield,APPROVED,,
PSEC-001,200311,TD.01.02,2025-06-16,2,,APPROVED,,
PSEC-001,210212,TD.01.01,2025-06-16,2.5,,APPROVED,,
PSEC-003,240607,TD.01.03,2025-06-16,1,- arrange smart home presentation -RCP with Zoe,APPROVED,,
PSEC-003,240313,TD.01.01,2025-06-16,1.5,-Consultant list,APPROVED,,
PSEC-003,250311,TD.01.00,2025-06-16,5,-SK,APPROVED,,
PSEC-012,240607,TD.01.01,2025-06-16,7.5,Doing the rear and front garden lighting. Select the fixtures and fittings for this project.,APPROVED,,
PSEC-101,888,TD.02.04,2025-06-16,7.5,Linfield,APPROVED,,
PSEC-001,231012,TD.01.01,2025-06-13,7,,APPROVED,,
PSEC-001,200311,TD.02.01,2025-06-13,0.5,,APPROVED,,
PSEC-003,240607,TD.01.03,2025-06-13,6.5,SLAB SETOUT_WALL SETOUT,APPROVED,,
PSEC-003,240313,TD.01.01,2025-06-13,0.5,email consultants,APPROVED,,
PSEC-003,250311,TD.01.01,2025-06-13,0.5,email consultants,APPROVED,,
PSEC-010,200311,TD.01.01,2025-06-13,3.5,,APPROVED,,
PSEC-010,170130,TD.01.01,2025-06-13,4,,APPROVED,,
PSEC-012,240607,TD.01.01,2025-06-13,7.5,Doing the Lighting_Electrical_Ceiling design.,APPROVED,,
PSEC-101,888,TD.02.04,2025-06-13,7.5,,APPROVED,,
PSEC-001,231012,TD.01.01,2025-06-12,7.5,,APPROVED,,
PSEC-003,240313,TD.01.01,2025-06-12,2,jetty-coordination,APPROVED,,
PSEC-003,240408,TD.01.01,2025-06-12,1.5,review SW comments,APPROVED,,
PSEC-003,250311,TD.01.00,2025-06-12,1.5,plan,APPROVED,,
PSEC-010,170130,TD.01.01,2025-06-12,7,,APPROVED,,
PSEC-010,240708,TD.01.02,2025-06-12,0.5,,APPROVED,,
PSEC-012,240607,TD.01.01,2025-06-12,7.5,Doing the Lighting_Electrical_Ceiling design. Update the Stormwater pit information.,APPROVED,,
PSEC-101,888,TD.02.04,2025-06-12,7.5,,APPROVED,,
SAIYU_001,200311,TD.01.02,2025-06-11,5,Coordination - CC,APPROVED,,
PSEC-001,201112,TD.01.01,2025-06-11,1,,APPROVED,,
PSEC-001,231012,TD.01.01,2025-06-11,5,,APPROVED,,
PSEC-001,210212,TD.01.01,2025-06-11,1.5,,APPROVED,,
PSEC-003,201112,TD.01.01,2025-06-11,1,update plan for BASIX,APPROVED,,
PSEC-003,240313,TD.01.01,2025-06-11,2,- email -update daigrams,APPROVED,,
PSEC-003,250414,TD.02.01,2025-06-11,2,arrange meeting with Council,APPROVED,,
PSEC-003,210212,TD.02.01,2025-06-11,1,CGIs with Robert,APPROVED,,
PSEC-003,250401,TD.02.01,2025-06-11,1.5,check control,APPROVED,,
PSEC-010,170130,TD.01.01,2025-06-11,7.5,,APPROVED,,
PSEC-012,240607,TD.01.01,2025-06-11,7.5,Doing the Lighting_Electrical_Ceiling design.,APPROVED,,
PSEC-101,888,TD.02.04,2025-06-11,7.5,,APPROVED,,
SAIYU_001,200311,TD.01.02,2025-06-10,5.5,Coordination - CC,APPROVED,,
SAIYU_001,210212,TD.01.02,2025-06-10,1,,APPROVED,,
PSEC-001,200311,TD.01.02,2025-06-10,2,,APPROVED,,
PSEC-001,171129,TD.01.01,2025-06-10,0.5,,APPROVED,,
PSEC-001,231012,TD.01.01,2025-06-10,5,,APPROVED,,
PSEC-003,888,TD.00.03,2025-06-10,3,,APPROVED,,
PSEC-003,240408,TD.01.01,2025-06-10,1.25,Sdyney Water SEA comments,APPROVED,,
PSEC-003,240607,TD.01.03,2025-06-10,3,Window Schedule,APPROVED,,
PSEC-003,250414,TD.01.00,2025-06-10,0.5,planner comment,APPROVED,,
PSEC-010,240917,TD.01.02,2025-06-10,3.5,Stormwater pipe 1.0m clearance,APPROVED,,
PSEC-010,170130,TD.01.01,2025-06-10,2,,APPROVED,,
PSEC-010,888,TD.01.00,2025-06-10,2,10 Lavoni Street,APPROVED,,
PSEC-012,240607,TD.01.01,2025-06-10,7.5,Go through the project drawings. Brief me the project information. Doing the Lighting design.,APPROVED,,
PSEC-101,888,TD.02.04,2025-06-10,7.5,,APPROVED,,
PSEC-010,888,TD.00.02,2025-06-09,7.5,KingÔøΩs birthday,APPROVED,,
PSEC-012,888,TD.00.02,2025-06-09,7.5,Public holiday,APPROVED,,
PSEC-101,888,TD.00.02,2025-06-09,7.5,,APPROVED,,
PSEC-001,231012,TD.01.01,2025-06-06,6.5,,APPROVED,,
PSEC-001,201112,TD.01.01,2025-06-06,1,,APPROVED,,
PSEC-003,250311,TD.01.00,2025-06-06,7.5,,APPROVED,,
PSEC-101,888,TD.02.04,2025-06-06,7.5,,APPROVED,,
PSEC-001,200311,TD.01.01,2025-06-05,2,,APPROVED,,
PSEC-001,210212,TD.01.01,2025-06-05,3,,APPROVED,,
PSEC-001,231012,TD.01.01,2025-06-05,2.5,,APPROVED,,
PSEC-003,250311,TD.01.01,2025-06-05,3.5,-client meeting -sk,APPROVED,,
PSEC-003,231012,TD.01.01,2025-06-05,4,- meeting with council planner - basement driveway ramp -sk,APPROVED,,
PSEC-101,888,TD.02.04,2025-06-05,7.5,,APPROVED,,
PSEC-001,210212,TD.01.01,2025-06-04,3,,APPROVED,,
PSEC-001,200311,TD.01.01,2025-06-04,3,,APPROVED,,
PSEC-001,231012,TD.01.01,2025-06-04,1.5,,APPROVED,,
PSEC-003,201112,TD.01.01,2025-06-04,2,RFI 2,APPROVED,,
PSEC-003,240607,TD.01.03,2025-06-04,2,,APPROVED,,
PSEC-003,240313,TD.01.01,2025-06-04,2,answer client questions in wechat,APPROVED,,
PSEC-003,231012,TD.01.01,2025-06-04,1.5,,APPROVED,,
PSEC-010,888,TD.00.02,2025-06-04,7.5,,APPROVED,,
PSEC-012,888,TD.01.01,2025-06-04,7.5,"Project: 10 Lavoni Street_Mosman, Update the model and do elevation design.",APPROVED,,
PSEC-101,888,TD.02.04,2025-06-04,7.5,,APPROVED,,
PSEC-001,210212,TD.01.01,2025-06-03,3,,APPROVED,,
PSEC-001,200311,TD.01.01,2025-06-03,3,,APPROVED,,
PSEC-001,231012,TD.01.01,2025-06-03,1.5,,APPROVED,,
PSEC-003,240313,TD.01.01,2025-06-03,2,,APPROVED,,
PSEC-003,231012,TD.01.01,2025-06-03,3,,APPROVED,,
PSEC-003,250311,TD.01.01,2025-06-03,1,,APPROVED,,
PSEC-003,250414,TD.01.00,2025-06-03,1.5,,APPROVED,,
PSEC-010,888,TD.00.02,2025-06-03,7.5,,APPROVED,,
PSEC-012,240313,TD.01.01,2025-06-03,4,Update drawings as per the requirement. Prepare the da package.,APPROVED,,
PSEC-012,888,TD.01.01,2025-06-03,4,"Project: 10 Lavoni Street_Mosman, Check the planning portal. Update GFA calculation and drawings. Update the model.",APPROVED,,
PSEC-101,888,TD.02.04,2025-06-03,7.5,,APPROVED,,
PSEC-001,200311,TD.01.02,2025-06-02,3.5,,APPROVED,,
PSEC-001,210212,TD.01.01,2025-06-02,2,,APPROVED,,
PSEC-001,231012,TD.01.01,2025-06-02,2,,APPROVED,,
PSEC-003,250414,TD.01.00,2025-06-02,7.5,,APPROVED,,
PSEC-010,888,TD.00.02,2025-06-02,7.5,,APPROVED,,
PSEC-012,240313,TD.01.01,2025-06-02,7.5,Update the model and prepare the DA package.,APPROVED,,
PSEC-101,888,TD.02.04,2025-06-02,7.5,,APPROVED,,
PSEC-001,171219,TD.02.03,2025-05-30,1,Defects Response to AFSS,APPROVED,,
PSEC-001,171129,TD.01.01,2025-05-30,1,Response to RFI,APPROVED,,
PSEC-001,888,TD.02.01,2025-05-30,0.5,Letter to Planning Minister - Manor House,APPROVED,,
PSEC-001,210212,TD.01.01,2025-05-30,3,S4.55,APPROVED,,
PSEC-001,200311,TD.01.02,2025-05-30,2,Contract,APPROVED,,
PSEC-010,888,TD.00.02,2025-05-30,7.5,,APPROVED,,
PSEC-012,240313,TD.01.01,2025-05-30,7.5,Update model and prepare the da package drawing.,APPROVED,,
PSEC-101,888,TD.02.04,2025-05-30,7.5,144 Chisholm Rd Auburn,APPROVED,,
PSEC-001,180309,TD.02.01,2025-05-29,7.5,,APPROVED,,
PSEC-010,888,TD.00.02,2025-05-29,7.5,,APPROVED,,
PSEC-012,240313,TD.01.01,2025-05-29,8,Update model and prepare the DA package,APPROVED,,
PSEC-101,888,TD.02.04,2025-05-29,7.5,144 Chisholm Rd Auburn,APPROVED,,
PSEC-001,210212,TD.01.01,2025-05-28,6,,APPROVED,,
PSEC-001,231012,TD.01.01,2025-05-28,1.5,,APPROVED,,
PSEC-003,250414,TD.01.00,2025-05-28,7.5,,APPROVED,,
PSEC-010,888,TD.00.02,2025-05-28,7.5,,APPROVED,,
PSEC-101,888,TD.02.04,2025-05-28,7.5,144 Chisholm Rd Auburn,APPROVED,,
PSEC-001,250401,TD.02.01,2025-05-27,1,,APPROVED,,
PSEC-001,210212,TD.01.01,2025-05-27,6.5,,APPROVED,,
PSEC-003,240607,TD.02.01,2025-05-27,2,,APPROVED,,
PSEC-003,231012,TD.01.01,2025-05-27,1,,APPROVED,,
PSEC-003,250414,TD.01.00,2025-05-27,4.5,,APPROVED,,
PSEC-010,888,TD.01.00,2025-05-27,7.5,10 Lavoni St_Mosman,APPROVED,,
PSEC-101,888,TD.02.04,2025-05-27,7.5,,APPROVED,,
PSEC-001,210212,TD.01.01,2025-05-26,4,,APPROVED,,
PSEC-001,231012,TD.01.01,2025-05-26,3.5,,APPROVED,,
PSEC-003,888,TD.00.04,2025-05-26,2,office meeting,APPROVED,,
PSEC-003,240313,TD.01.01,2025-05-26,1,,APPROVED,,
PSEC-003,240607,TD.02.01,2025-05-26,1,,APPROVED,,
PSEC-003,230925,TD.01.09,2025-05-26,1,CGIs,APPROVED,,
PSEC-003,250414,TD.01.00,2025-05-26,2.5,,APPROVED,,
PSEC-010,240917,TD.01.02,2025-05-26,2,,APPROVED,,
PSEC-010,888,TD.00.04,2025-05-26,1,,APPROVED,,
PSEC-012,888,TD.00.00,2025-05-26,1.5,Internal meeting,APPROVED,,
PSEC-012,240313,TD.01.01,2025-05-26,6.5,Prepare the DA package,APPROVED,,
PSEC-101,888,TD.02.04,2025-05-26,7.5,,APPROVED,,
PSEC-001,210212,TD.01.01,2025-05-23,7.5,,APPROVED,,
PSEC-003,231012,TD.02.01,2025-05-23,1,,APPROVED,,
PSEC-003,230925,TD.02.01,2025-05-23,1,CGIs,APPROVED,,
PSEC-003,250414,TD.01.00,2025-05-23,5.5,,APPROVED,,
PSEC-010,888,TD.01.01,2025-05-23,5.5,10 Lavoni St_Mosman,APPROVED,,
PSEC-010,240917,TD.01.02,2025-05-23,2,Response to PCA,APPROVED,,
PSEC-012,240313,TD.01.01,2025-05-23,8,Update model and drawings for DA package.,APPROVED,,
PSEC-101,888,TD.02.04,2025-05-23,7.5,,APPROVED,,
PSEC-001,210212,TD.01.01,2025-05-22,6,,APPROVED,,
PSEC-001,171219,TD.02.01,2025-05-22,1.5,,APPROVED,,
PSEC-003,230925,TD.02.01,2025-05-22,2,CGIs,APPROVED,,
PSEC-003,240607,TD.01.03,2025-05-22,2,window schedule,APPROVED,,
PSEC-003,250414,TD.01.00,2025-05-22,3.5,,APPROVED,,
PSEC-010,888,TD.01.01,2025-05-22,4,1 Roslyn Ave_Roseville,APPROVED,,
PSEC-012,240313,TD.01.01,2025-05-22,8,Update model and drawings for DA package.,APPROVED,,
PSEC-101,888,TD.02.04,2025-05-22,7.5,,APPROVED,,
PSEC-001,210212,TD.01.01,2025-05-21,7.5,,APPROVED,,
PSEC-003,240313,TD.01.00,2025-05-21,3,,APPROVED,,
PSEC-003,250311,TD.01.00,2025-05-21,3.5,,APPROVED,,
PSEC-010,888,TD.01.01,2025-05-21,4,10 Lavoni St_Mosman,APPROVED,,
PSEC-010,240708,TD.01.02,2025-05-21,3.5,,APPROVED,,
PSEC-012,240313,TD.01.01,2025-05-21,8,Meeting to brief the project information. Update model.,APPROVED,,
PSEC-101,888,TD.02.04,2025-05-21,7.5,,APPROVED,,
PSEC-001,210212,TD.01.01,2025-05-20,4,,APPROVED,,
PSEC-001,241118,TD.01.02,2025-05-20,3.5,,APPROVED,,
PSEC-003,240313,TD.01.01,2025-05-20,7.5,,APPROVED,,
PSEC-010,240708,TD.01.02,2025-05-20,4,,APPROVED,,
PSEC-010,241118,TD.01.04,2025-05-20,3.5,,APPROVED,,
PSEC-012,221130,TD.01.01,2025-05-20,2,Update design_model and floor plans,APPROVED,,
PSEC-012,888,TD.01.01,2025-05-20,6,Doing the original and new option of one unit house for aborigines.,APPROVED,,
PSEC-101,888,TD.02.04,2025-05-20,7.5,,APPROVED,,
PSEC-001,210212,TD.01.01,2025-05-19,7.5,,APPROVED,,
PSEC-003,250414,TD.01.00,2025-05-19,4,,APPROVED,,
PSEC-003,240313,TD.01.01,2025-05-19,3.5,,APPROVED,,
PSEC-010,240917,TD.01.02,2025-05-19,6,"submit CC documents,",APPROVED,,
PSEC-010,241118,TD.01.04,2025-05-19,1.5,,APPROVED,,
PSEC-012,221130,TD.01.01,2025-05-19,8,Doing the basement and model,APPROVED,,
PSEC-101,888,TD.02.04,2025-05-19,7.5,,APPROVED,,
PSEC-101,888,TD.02.04,2025-05-17,7.5,,APPROVED,,
PSEC-001,210212,TD.01.01,2025-05-16,7.5,,APPROVED,,
PSEC-003,240607,TD.01.03,2025-05-16,1,,APPROVED,,
PSEC-003,240313,TD.01.00,2025-05-16,6.5,,APPROVED,,
PSEC-012,221130,TD.01.01,2025-05-16,8,Explore the plan design.,APPROVED,,
PSEC-101,888,TD.02.04,2025-05-16,7.5,,APPROVED,,
PSEC-001,210212,TD.01.01,2025-05-15,7,,APPROVED,,
PSEC-001,171129,TD.01.01,2025-05-15,0.5,,APPROVED,,
PSEC-003,240313,TD.01.00,2025-05-15,7.5,,APPROVED,,
PSEC-012,221130,TD.01.01,2025-05-15,8,Set up the setback and model to discuss the envelope. Check the basement and top-level layout.,APPROVED,,
PSEC-001,200311,TD.01.01,2025-05-14,3.5,,APPROVED,,
PSEC-001,210212,TD.01.01,2025-05-14,4,,APPROVED,,
PSEC-003,250414,TD.01.00,2025-05-14,4,,APPROVED,,
PSEC-003,240607,TD.02.01,2025-05-14,3.5,- window schedule - mod cdc coordination,APPROVED,,
PSEC-012,240313,TD.01.01,2025-05-14,6.5,Update the drawings and update the survey model.,APPROVED,,
PSEC-012,221130,TD.01.01,2025-05-14,1.5,Briefing on the project information. Check the DCP and LEP for requirement.,APPROVED,,
PSEC-101,888,TD.02.04,2025-05-14,7.5,,APPROVED,,
PSEC-001,200311,TD.01.01,2025-05-13,7.5,S4.55 (5),APPROVED,,
PSEC-003,888,TD.00.03,2025-05-13,1,Fire Warden + Evacuation,APPROVED,,
PSEC-003,250311,TD.01.00,2025-05-13,6,,APPROVED,,
PSEC-010,240607,TD.01.04,2025-05-13,2,,APPROVED,,
PSEC-010,888,TD.01.01,2025-05-13,3.5,,APPROVED,,
PSEC-010,241118,TD.01.04,2025-05-13,2,Strata Plan,APPROVED,,
PSEC-012,240313,TD.01.01,2025-05-13,8,Update drawings and set up Da package,APPROVED,,
PSEC-101,888,TD.02.04,2025-05-13,6,,APPROVED,,
PSEC-101,888,TD.02.01,2025-05-13,1.5,,APPROVED,,
PSEC-001,171129,TD.01.01,2025-05-12,3.5,,APPROVED,,
PSEC-001,200311,TD.01.01,2025-05-12,4,S4.55 (5),APPROVED,,
PSEC-003,250414,TD.01.00,2025-05-12,7.25,,APPROVED,,
PSEC-003,250311,TD.02.01,2025-05-12,0.25,emails,APPROVED,,
PSEC-003,200311,TD.02.01,2025-05-12,0.25,emails,APPROVED,,
PSEC-010,240607,TD.01.04,2025-05-12,2,,APPROVED,,
PSEC-010,240708,TD.01.02,2025-05-12,5.5,,APPROVED,,
PSEC-012,240313,TD.01.01,2025-05-12,8,Setup package and update the survey model,APPROVED,,
PSEC-101,888,TD.02.04,2025-05-12,7.5,,APPROVED,,
PSEC-001,171129,TD.01.01,2025-05-09,7.5,,APPROVED,,
PSEC-003,170130,TD.02.01,2025-05-09,1.5,emails_photo calls for quotation,APPROVED,,
PSEC-003,210212,TD.01.09,2025-05-09,1,get quotation for marketing floor plans & plates,APPROVED,,
PSEC-003,240607,TD.01.03,2025-05-09,0.5,,APPROVED,,
PSEC-003,250414,TD.01.00,2025-05-09,3.5,,APPROVED,,
PSEC-003,171129,TD.01.01,2025-05-09,1,CGI,APPROVED,,
PSEC-010,171129,TD.01.01,2025-05-09,7.5,Perspectives for DA,APPROVED,,
PSEC-012,171129,TD.01.01,2025-05-09,3,Update the balcony dimension,APPROVED,,
PSEC-012,250311,TD.01.01,2025-05-09,2,Search the reference image for elevation design,APPROVED,,
PSEC-012,240313,TD.01.01,2025-05-09,2.5,Go through the 159 project information. Update the survey and topography model.,APPROVED,,
PSEC-101,888,TD.02.04,2025-05-09,7.5,,APPROVED,,
PSEC-001,200311,TD.01.02,2025-05-08,1,,APPROVED,,
PSEC-001,231016,TD.02.01,2025-05-08,4,,APPROVED,,
PSEC-001,171129,TD.01.01,2025-05-08,2.5,,APPROVED,,
PSEC-003,240607,TD.01.03,2025-05-08,1.5,window schedule,APPROVED,,
PSEC-003,250311,TD.01.01,2025-05-08,1.5,meeting with client,APPROVED,,
PSEC-003,250414,TD.01.00,2025-05-08,4.5,,APPROVED,,
PSEC-010,171129,TD.01.01,2025-05-08,6,Perspectives,APPROVED,,
PSEC-010,240708,TD.01.02,2025-05-08,2,CC,APPROVED,,
PSEC-012,250311,TD.01.01,2025-05-08,7.5,Search the reference image for elevation design. Meeting with the client. Update the layout.,APPROVED,,
PSEC-101,888,TD.02.04,2025-05-08,7.5,,APPROVED,,
PSEC-001,171129,TD.01.01,2025-05-07,6,,APPROVED,,
PSEC-001,210212,TD.01.02,2025-05-07,0.5,,APPROVED,,
PSEC-001,231016,TD.02.01,2025-05-07,1,,APPROVED,,
PSEC-003,170130,TD.02.01,2025-05-07,2.5,emails for quotation,APPROVED,,
PSEC-003,231016,TD.01.00,2025-05-07,5,Schemes to valuer,APPROVED,,
PSEC-010,171129,TD.01.01,2025-05-07,3.5,Perspectives,APPROVED,,
PSEC-010,888,TD.02.01,2025-05-07,4,Site visit 9a Rowley Street_Burwood,APPROVED,,
PSEC-012,250311,TD.01.01,2025-05-07,7.5,Update the layout and discuss with the boss. Doing the presentation package for tomorrow meeting.,APPROVED,,
PSEC-101,888,TD.02.04,2025-05-07,7.5,,APPROVED,,
PSEC-001,171129,TD.01.01,2025-05-06,6,,APPROVED,,
PSEC-001,231016,TD.02.01,2025-05-06,1.5,,APPROVED,,
PSEC-003,231016,TD.01.00,2025-05-06,7,Scheme to valuer,APPROVED,,
PSEC-003,171129,TD.01.01,2025-05-06,0.5,CGI,APPROVED,,
PSEC-010,171129,TD.01.01,2025-05-06,7.5,Perspectives,APPROVED,,
PSEC-012,250311,TD.01.01,2025-05-06,7.5,Change the floor plans as per the requirement.,APPROVED,,
PSEC-101,888,TD.02.04,2025-05-06,7.5,,APPROVED,,
PSEC-001,888,TD.00.00,2025-05-05,2,Office Meeting,APPROVED,,
PSEC-001,231016,TD.02.01,2025-05-05,2,SOEE for Valuation,APPROVED,,
PSEC-001,171129,TD.00.00,2025-05-05,0.5,,APPROVED,,
PSEC-001,210315,TD.02.01,2025-05-05,1,Review Invoice_Write Letter to State Government,APPROVED,,
PSEC-001,250401,TD.02.01,2025-05-05,1,Review Documents and Legislation_Contact PCA,APPROVED,,
PSEC-001,200311,TD.01.02,2025-05-05,1,Project Meeting,APPROVED,,
PSEC-003,888,TD.00.04,2025-05-05,1.5,Office Meeting,APPROVED,,
PSEC-003,221130,TD.01.00,2025-05-05,0.5,Meeting With SET Planner,APPROVED,,
PSEC-003,201112,TD.01.01,2025-05-05,2.5,RFI 1,APPROVED,,
PSEC-003,171129,TD.01.01,2025-05-05,1.25,CGI,APPROVED,,
PSEC-003,250311,TD.01.01,2025-05-05,1,Brief with Zoe,APPROVED,,
PSEC-003,231016,TD.01.00,2025-05-05,0.75,,APPROVED,,
PSEC-010,888,TD.00.04,2025-05-05,1.5,office meeting,APPROVED,,
PSEC-010,241118,TD.01.04,2025-05-05,2,CGIs,APPROVED,,
PSEC-010,171129,TD.01.01,2025-05-05,1.5,,APPROVED,,
PSEC-012,888,TD.00.00,2025-05-05,1,Office meeting,APPROVED,,
PSEC-012,171129,TD.01.01,2025-05-05,2,Review email. Learn and try to export DWG to SketchUp.,APPROVED,,
PSEC-012,250311,TD.01.01,2025-05-05,4.5,Brief the project information and go through the presentation package_and previous design option.,APPROVED,,
PSEC-101,888,TD.01.09,2025-05-05,7.75,,APPROVED,,
PSEC-001,171129,TD.01.01,2025-05-02,7.5,,APPROVED,,
PSEC-003,171129,TD.01.01,2025-05-02,7.5,,APPROVED,,
PSEC-010,171129,TD.01.01,2025-05-02,7.5,,APPROVED,,
PSEC-012,171129,TD.01.01,2025-05-02,7.5,Fix sections and model,APPROVED,,
PSEC-101,888,TD.01.09,2025-05-02,3,,APPROVED,,
PSEC-101,888,TD.02.04,2025-05-02,4.75,,APPROVED,,
PSEC-001,171129,TD.01.01,2025-05-01,7.5,,APPROVED,,
PSEC-003,171129,TD.01.01,2025-05-01,7.5,,APPROVED,,
PSEC-010,171129,TD.01.01,2025-05-01,7.5,,APPROVED,,
PSEC-012,171129,TD.01.01,2025-05-01,7.5,Fix all GA floor plans. Update drawings as per the requirement.,APPROVED,,
PSEC-101,888,TD.01.09,2025-05-01,7.75,,APPROVED,,
PSEC-001,171129,TD.01.01,2025-04-30,7.5,,APPROVED,,
PSEC-003,171129,TD.01.01,2025-04-30,7.5,modelling,APPROVED,,
PSEC-010,171129,TD.01.01,2025-04-30,4,,APPROVED,,
PSEC-010,888,TD.00.03,2025-04-30,3.5,Meeting with client,APPROVED,,
PSEC-101,888,TD.02.04,2025-04-30,7.75,,APPROVED,,
PSEC-001,171129,TD.01.01,2025-04-29,7.5,,APPROVED,,
PSEC-003,171129,TD.01.01,2025-04-29,7.5,Modelling,APPROVED,,
PSEC-010,171129,TD.01.01,2025-04-29,6.5,,APPROVED,,
PSEC-010,240917,TD.01.02,2025-04-29,0.5,,APPROVED,,
PSEC-010,241118,TD.01.04,2025-04-29,0.5,,APPROVED,,
PSEC-012,171129,TD.01.01,2025-04-29,7.5,Calculate the basement storage. Update the typical unit plans.,APPROVED,,
PSEC-101,888,TD.02.04,2025-04-29,4.75,Concrete and Formwork,APPROVED,,
PSEC-101,888,TD.02.04,2025-04-29,3,,APPROVED,,
PSEC-001,171129,TD.01.01,2025-04-28,7.5,,APPROVED,,
PSEC-003,171129,TD.01.01,2025-04-28,7.25,modelling,APPROVED,,
PSEC-003,201112,TD.02.01,2025-04-28,0.25,emails_review HIS,APPROVED,,
PSEC-003,240408,TD.02.01,2025-04-28,0.25,emails,APPROVED,,
PSEC-010,171129,TD.01.01,2025-04-28,5,,APPROVED,,
PSEC-010,888,TD.00.03,2025-04-28,2,67 telegraph road site visit,APPROVED,,
PSEC-010,240917,TD.01.02,2025-04-28,0.5,,APPROVED,,
PSEC-012,171129,TD.01.01,2025-04-28,7.5,Doing the bin rooms and waste management sheet. Calculate the AC units.,APPROVED,,
PSEC-101,888,TD.00.02,2025-04-28,7.75,,APPROVED,,
PSEC-101,888,TD.00.02,2025-04-25,7.75,,APPROVED,,
PSEC-001,171129,TD.01.01,2025-04-24,7.5,,APPROVED,,
PSEC-003,240313,TD.01.01,2025-04-24,7.5,DA facade,APPROVED,,
PSEC-010,171129,TD.01.01,2025-04-24,7.5,Elevation,APPROVED,,
PSEC-101,888,TD.02.04,2025-04-24,3.75,OSD replacement,APPROVED,,
PSEC-101,888,TD.02.04,2025-04-24,4,,APPROVED,,
PSEC-001,171129,TD.01.01,2025-04-23,7.5,,APPROVED,,
PSEC-003,171129,TD.01.01,2025-04-23,4.5,DA facade,APPROVED,,
PSEC-003,240313,TD.01.01,2025-04-23,3,DA scheme,APPROVED,,
PSEC-010,171129,TD.01.01,2025-04-23,7.5,Elevation,APPROVED,,
PSEC-101,888,TD.02.04,2025-04-23,7.75,,APPROVED,,
PSEC-001,171129,TD.01.01,2025-04-22,7.5,,APPROVED,,
PSEC-003,240313,TD.01.01,2025-04-22,6.5,check Survey,APPROVED,,
PSEC-003,240607,TD.01.03,2025-04-22,1,pegout_provide dimension,APPROVED,,
PSEC-010,240917,TD.01.02,2025-04-22,7.5,update survey plan,APPROVED,,
PSEC-101,888,TD.02.01,2025-04-22,7.75,,APPROVED,,
PSEC-101,888,TD.00.02,2025-04-21,7.75,,APPROVED,,
PSEC-012,888,TD.00.02,2025-04-18,7.5,Easter,APPROVED,,
PSEC-101,888,TD.00.02,2025-04-18,7.75,,APPROVED,,
PSEC-001,171129,TD.01.01,2025-04-17,7.5,,APPROVED,,
PSEC-003,240313,TD.01.01,2025-04-17,7.5,,APPROVED,,
PSEC-010,240607,TD.01.04,2025-04-17,7.5,stone work,APPROVED,,
PSEC-012,171129,TD.01.01,2025-04-17,7.5,Doing the road on elevations; update the height control line on elevations,APPROVED,,
PSEC-101,888,TD.02.04,2025-04-17,7.75,,APPROVED,,
PSEC-001,171129,TD.01.01,2025-04-16,7.5,,APPROVED,,
PSEC-003,240607,TD.01.01,2025-04-16,3,coordination for MOD CDC,APPROVED,,
PSEC-003,250311,TD.01.00,2025-04-16,2.5,,APPROVED,,
PSEC-010,240607,TD.01.04,2025-04-16,7.5,Stone work,APPROVED,,
PSEC-012,171129,TD.01.01,2025-04-16,7.5,Adding the boundary line and height control line on elevations. Add landscape dwg and RL to the plan.,APPROVED,,
PSEC-101,888,TD.02.01,2025-04-16,7.75,,APPROVED,,
PSEC-001,171129,TD.01.01,2025-04-15,7.5,,APPROVED,,
PSEC-003,250311,TD.01.00,2025-04-15,2,Pre-Lodgement file,APPROVED,,
PSEC-003,201112,TD.01.01,2025-04-15,2.5,review plans & email to consultants,APPROVED,,
PSEC-003,200311,TD.01.02,2025-04-15,3,Sk for builder,APPROVED,,
PSEC-010,201112,TD.01.01,2025-04-15,4,RFI,APPROVED,,
PSEC-010,240607,TD.01.04,2025-04-15,3.5,update joinery,APPROVED,,
PSEC-012,171129,TD.01.01,2025-04-15,7.5,Doing the sections and dimensions on typical plans. Update the road according to the Traffic engineer's drawing.,APPROVED,,
PSEC-101,888,TD.02.01,2025-04-15,1,,APPROVED,,
PSEC-101,888,TD.02.01,2025-04-15,6.75,,APPROVED,,
PSEC-001,200311,TD.01.02,2025-04-14,1,,APPROVED,,
PSEC-001,171129,TD.01.01,2025-04-14,6.5,,APPROVED,,
PSEC-003,240607,TD.01.01,2025-04-14,7.5,- final MOD CDC set - update stormwater plan to 11B,APPROVED,,
PSEC-010,201112,TD.01.01,2025-04-14,7.5,RFI,APPROVED,,
PSEC-012,171129,TD.01.01,2025-04-14,7.5,Update basement plans. Doing the sections,APPROVED,,
PSEC-101,888,TD.02.04,2025-04-14,3,,APPROVED,,
PSEC-101,888,TD.02.04,2025-04-14,4.75,,APPROVED,,
PSEC-001,171129,TD.01.01,2025-04-11,7.5,,APPROVED,,
PSEC-003,240313,TD.01.01,2025-04-11,7.5,check new survey,APPROVED,,
PSEC-010,201112,TD.01.01,2025-04-11,7.5,RFI,APPROVED,,
PSEC-101,888,TD.02.04,2025-04-11,4,,APPROVED,,
PSEC-101,888,TD.02.04,2025-04-11,3.75,,APPROVED,,
PSEC-001,171129,TD.01.01,2025-04-10,7.5,,APPROVED,,
PSEC-003,240313,TD.01.01,2025-04-10,7.5,DA floor plans,APPROVED,,
PSEC-010,240708,TD.01.02,2025-04-10,0.5,,APPROVED,,
PSEC-010,240607,TD.01.04,2025-04-10,1,,APPROVED,,
PSEC-012,171129,TD.01.01,2025-04-10,7.5,Calculate the adaptable units and silver level. Change the internal layout.,APPROVED,,
PSEC-101,888,TD.02.01,2025-04-10,7.75,,APPROVED,,
PSEC-001,171129,TD.01.01,2025-04-09,7.5,,APPROVED,,
PSEC-003,250311,TD.01.01,2025-04-09,7.5,,APPROVED,,
PSEC-010,201112,TD.01.01,2025-04-09,7.5,RFI,APPROVED,,
PSEC-012,171129,TD.01.01,2025-04-09,7.5,Check the balcony area and internal area. Doing the mailboxes and seating area required by RFI.,APPROVED,,
PSEC-101,888,TD.02.01,2025-04-09,7.75,,APPROVED,,
PSEC-001,171129,TD.01.01,2025-04-08,7.5,,APPROVED,,
PSEC-003,250311,TD.01.01,2025-04-08,7.5,,APPROVED,,
PSEC-010,201112,TD.01.01,2025-04-08,7,RFI,APPROVED,,
PSEC-010,240917,TD.01.02,2025-04-08,0.5,Stormwater issues,APPROVED,,
PSEC-012,171129,TD.01.01,2025-04-08,7.5,Calculate the previous project GFA; Search and do the solar panel on the roof,APPROVED,,
PSEC-101,888,TD.02.04,2025-04-08,7.75,Carlingford,APPROVED,,
PSEC-001,171129,TD.01.01,2025-04-07,7.5,,APPROVED,,
PSEC-003,171129,TD.01.01,2025-04-07,5.5,,APPROVED,,
PSEC-003,241118,TD.01.00,2025-04-07,1.5,review Robin drawing,APPROVED,,
PSEC-003,240607,TD.01.03,2025-04-07,0.5,,APPROVED,,
PSEC-010,170130,TD.01.01,2025-04-07,3.5,Area calculation for agent,APPROVED,,
PSEC-010,240917,TD.01.02,2025-04-07,1,Coordinate with consultant,APPROVED,,
PSEC-010,241118,TD.01.04,2025-04-07,3,,APPROVED,,
PSEC-012,171129,TD.01.01,2025-04-07,7.5,Go through the RFI with the team; Set up typical floor plans and elevations.,APPROVED,,
PSEC-101,888,TD.02.04,2025-04-07,7.75,,APPROVED,,
PSEC-001,171129,TD.01.01,2025-04-04,7.5,,APPROVED,,
PSEC-003,250311,TD.01.00,2025-04-04,7.5,,APPROVED,,
PSEC-010,240917,TD.01.02,2025-04-04,1.5,Consultant issues,APPROVED,,
PSEC-010,241118,TD.01.04,2025-04-04,4,,APPROVED,,
PSEC-010,170130,TD.01.01,2025-04-04,3,24 Lots,APPROVED,,
PSEC-012,171129,TD.01.01,2025-04-04,7.5,Doing the lot 2 basement; Fix stair ad model,APPROVED,,
PSEC-101,888,TD.02.04,2025-04-04,1.75,,APPROVED,,
PSEC-101,888,TD.02.04,2025-04-04,5,Area Comparison,APPROVED,,
PSEC-101,888,TD.02.01,2025-04-04,1,,APPROVED,,
PSEC-102,888,TD.01.04,2025-04-04,8,,APPROVED,,
PSEC-102,888,TD.00.00,2025-04-04,1,,APPROVED,,
PSEC-001,171129,TD.01.01,2025-04-03,7.5,,APPROVED,,
PSEC-003,250311,TD.01.00,2025-04-03,7.5,,APPROVED,,
PSEC-010,240917,TD.01.02,2025-04-03,0.5,Structural issues,APPROVED,,
PSEC-010,170130,TD.01.01,2025-04-03,4,24 lots,APPROVED,,
PSEC-012,171129,TD.01.01,2025-04-03,7.5,Meeting with landscape consultant; Update basement plans; Calculate the basement storage area and total car space number.,APPROVED,,
PSEC-101,888,TD.02.04,2025-04-03,7.5,Carlingford takeoff and inspection,APPROVED,,
PSEC-101,888,TD.02.04,2025-04-03,0.25,,APPROVED,,
PSEC-102,888,TD.01.03,2025-04-03,8,,APPROVED,,
PSEC-102,888,TD.00.00,2025-04-03,1,,APPROVED,,
PSEC-001,171129,TD.01.02,2025-04-02,1,,APPROVED,,
PSEC-003,250311,TD.01.00,2025-04-02,7.5,draft plan,APPROVED,,
PSEC-010,170130,TD.01.01,2025-04-02,6,24 lots marketing: Area summary,APPROVED,,
PSEC-010,240917,TD.01.02,2025-04-02,1.5,Stormwater issues,APPROVED,,
PSEC-012,171129,TD.01.01,2025-04-02,7.5,Calculate car space; Update basement plans,APPROVED,,
PSEC-101,888,TD.02.04,2025-04-02,4.75,,APPROVED,,
PSEC-101,888,TD.02.04,2025-04-02,3,Carlingford renovation,APPROVED,,
PSEC-102,888,TD.01.04,2025-04-02,8,,APPROVED,,
PSEC-102,888,TD.00.00,2025-04-02,1,,APPROVED,,
PSEC-001,171129,TD.01.01,2025-04-01,7.5,,APPROVED,,
PSEC-003,250311,TD.01.00,2025-04-01,7.5,Draft Plan,APPROVED,,
PSEC-010,240917,TD.01.02,2025-04-01,1.5,Sydney water issues,APPROVED,,
PSEC-012,171129,TD.01.01,2025-04-01,7.5,NSA calculations form; Update access solar diagram; Update GFA diagram,APPROVED,,
PSEC-101,888,TD.02.04,2025-04-01,7.75,,APPROVED,,
PSEC-102,888,TD.00.00,2025-04-01,1,,APPROVED,,
PSEC-102,888,TD.01.04,2025-04-01,8,,APPROVED,,
PSEC-001,171129,TD.01.01,2025-03-31,7.5,,APPROVED,,
PSEC-010,240917,TD.01.02,2025-03-31,7.5,,APPROVED,,
PSEC-101,888,TD.00.02,2025-03-31,7.75,,APPROVED,,
PSEC-102,888,TD.01.02,2025-03-31,8,,APPROVED,,
PSEC-102,888,TD.00.00,2025-03-31,1,,APPROVED,,
PSEC-001,171129,TD.01.01,2025-03-28,7.5,,APPROVED,,
PSEC-101,888,TD.02.04,2025-03-28,7.75,,APPROVED,,
PSEC-001,171129,TD.01.01,2025-03-27,6.5,,APPROVED,,
PSEC-001,200311,TD.01.02,2025-03-27,1,,APPROVED,,
PSEC-101,888,TD.02.04,2025-03-27,7.75,,APPROVED,,
PSEC-001,210212,TD.01.02,2025-03-26,5,,APPROVED,,
PSEC-001,171129,TD.01.01,2025-03-26,2.5,,APPROVED,,
PSEC-101,888,TD.02.01,2025-03-26,3.75,,APPROVED,,
PSEC-001,210212,TD.01.02,2025-03-25,7.5,,APPROVED,,
PSEC-101,888,TD.02.04,2025-03-25,7.75,,APPROVED,,
PSEC-001,210212,TD.01.02,2025-03-24,7,,APPROVED,,
PSEC-001,191204,TD.02.02,2025-03-24,0.5,,APPROVED,,
PSEC-101,888,TD.02.04,2025-03-24,7.75,,APPROVED,,
PSEC-102,888,TD.01.02,2025-03-24,8,,APPROVED,,
PSEC-001,210212,TD.01.02,2025-03-21,5.5,,APPROVED,,
PSEC-001,200311,TD.01.02,2025-03-21,2,,APPROVED,,
PSEC-101,888,TD.01.09,2025-03-21,7.75,,APPROVED,,
PSEC-001,210212,TD.01.02,2025-03-20,5,,APPROVED,,
PSEC-001,200311,TD.01.02,2025-03-20,2.5,,APPROVED,,
PSEC-101,888,TD.02.03,2025-03-20,7.75,,APPROVED,,
PSEC-001,191204,TD.02.02,2025-03-19,4,FRNSW Inspection_Block Plans_Coordination,APPROVED,,
PSEC-001,200311,TD.01.02,2025-03-19,3.5,,APPROVED,,
PSEC-101,888,TD.02.04,2025-03-19,7.75,,APPROVED,,
PSEC-001,200311,TD.01.02,2025-03-18,6.5,,APPROVED,,
PSEC-001,210212,TD.01.02,2025-03-18,1,,APPROVED,,
PSEC-101,888,TD.02.04,2025-03-18,7.75,,APPROVED,,
PSEC-001,200311,TD.01.02,2025-03-17,6.5,,APPROVED,,
PSEC-001,888,TD.00.00,2025-03-17,1,Office Meeting,APPROVED,,
PSEC-101,888,TD.02.04,2025-03-17,7.75,North Ryde,APPROVED,,
SAIYU_001,888,TD.00.00,2025-03-15,0.5,testing,APPROVED,,
PSEC-001,200311,TD.01.02,2025-03-14,7.5,,APPROVED,,
PSEC-010,240917,TD.01.02,2025-03-14,4,,APPROVED,,
PSEC-010,241118,TD.01.04,2025-03-14,3.5,,APPROVED,,
PSEC-101,888,TD.02.04,2025-03-14,7.75,,APPROVED,,
PSEC-001,200311,TD.01.02,2025-03-13,7.5,,APPROVED,,
PSEC-003,171129,TD.01.01,2025-03-13,7.5,GF levels,APPROVED,,
PSEC-010,241118,TD.01.04,2025-03-13,7.5,,APPROVED,,
PSEC-101,888,TD.02.04,2025-03-13,7.75,terigal,APPROVED,,
PSEC-001,210212,TD.01.02,2025-03-12,1,,APPROVED,,
PSEC-001,221130,TD.01.01,2025-03-12,1,,APPROVED,,
PSEC-001,200311,TD.01.01,2025-03-12,5.5,,APPROVED,,
PSEC-003,171129,TD.01.01,2025-03-12,4.5,GF levels,APPROVED,,
PSEC-003,888,TD.01.00,2025-03-12,3,Pymble site planning,APPROVED,,
PSEC-010,241118,TD.01.04,2025-03-12,7.5,,APPROVED,,
PSEC-101,888,TD.02.04,2025-03-12,7.75,,APPROVED,,
PSEC-003,230925,TD.01.01,2025-03-11,1,Phone call with Council,APPROVED,,
PSEC-003,888,TD.01.00,2025-03-11,3,201 The Promenade Sans Souci,APPROVED,,
PSEC-010,240607,TD.01.04,2025-03-11,3.5,,APPROVED,,
PSEC-010,241118,TD.01.04,2025-03-11,4,,APPROVED,,
PSEC-101,888,TD.02.04,2025-03-11,7.75,terigal,APPROVED,,
PSEC-001,210212,TD.02.01,2025-03-10,1,,APPROVED,,
PSEC-001,200311,TD.01.02,2025-03-10,6,,APPROVED,,
PSEC-001,888,TD.00.04,2025-03-10,0.5,Shared Calendar Demo,APPROVED,,
PSEC-003,230925,TD.01.01,2025-03-10,3,- Phone call with Council - emails with Council -review RFI,APPROVED,,
PSEC-010,240607,TD.01.04,2025-03-10,7.5,,APPROVED,,
PSEC-101,888,TD.02.04,2025-03-10,7.75,concretework,APPROVED,,
PSEC-001,200311,TD.01.02,2025-03-07,7.5,,APPROVED,,
PSEC-003,240607,TD.01.03,2025-03-07,6.5,GA & SLAB,APPROVED,,
PSEC-003,230925,TD.01.01,2025-03-07,1,review Council's Letter,APPROVED,,
PSEC-010,240917,TD.01.02,2025-03-07,0.5,,APPROVED,,
PSEC-010,240607,TD.01.04,2025-03-07,3.5,,APPROVED,,
PSEC-010,200311,TD.01.09,2025-03-07,1,,APPROVED,,
PSEC-010,241118,TD.01.04,2025-03-07,0.5,Online meeting,APPROVED,,
PSEC-101,888,TD.02.01,2025-03-07,7.75,,APPROVED,,
PSEC-001,888,TD.02.01,2025-03-06,1,NDIS Guildford,APPROVED,,
PSEC-001,221130,TD.01.01,2025-03-06,2,,APPROVED,,
PSEC-001,210212,TD.01.02,2025-03-06,1,,APPROVED,,
PSEC-001,200311,TD.01.02,2025-03-06,3.5,,APPROVED,,
PSEC-003,240607,TD.01.03,2025-03-06,7.5,GA & slab,APPROVED,,
PSEC-010,240607,TD.01.04,2025-03-06,8,,APPROVED,,
PSEC-101,888,TD.02.04,2025-03-06,7.75,,APPROVED,,
PSEC-001,210212,TD.01.02,2025-03-05,7.5,,APPROVED,,
PSEC-003,240607,TD.01.03,2025-03-05,7.5,GA & SLAB,APPROVED,,
PSEC-010,240607,TD.01.04,2025-03-05,8,drawing + confirming floor material,APPROVED,,
PSEC-101,888,TD.02.04,2025-03-05,7.75,,APPROVED,,
PSEC-001,200311,TD.01.02,2025-03-04,7.5,,APPROVED,,
PSEC-003,240607,TD.01.03,2025-03-04,7.5,GA & SLAB,APPROVED,,
PSEC-010,241118,TD.01.04,2025-03-04,4,Site meeting,APPROVED,,
PSEC-010,240607,TD.01.04,2025-03-04,2.5,,APPROVED,,
PSEC-101,888,TD.02.04,2025-03-04,7.75,,APPROVED,,
PSEC-001,200311,TD.01.02,2025-03-03,7.5,,APPROVED,,
PSEC-003,240607,TD.01.03,2025-03-03,7.5,GA & SLAB,APPROVED,,
PSEC-010,240607,TD.01.04,2025-03-03,7,,APPROVED,,
PSEC-101,888,TD.02.04,2025-03-03,7.75,,APPROVED,,
PSEC-001,200311,TD.01.02,2025-02-28,6,,APPROVED,,
PSEC-001,210212,TD.01.02,2025-02-28,1.5,,APPROVED,,
PSEC-010,241118,TD.01.04,2025-02-28,6,,APPROVED,,
PSEC-101,888,TD.02.04,2025-02-28,7.75,concretework,APPROVED,,
PSEC-003,171129,TD.01.00,2025-02-27,7.5,Floor Plans,APPROVED,,
PSEC-010,241118,TD.01.04,2025-02-27,7.5,,APPROVED,,
PSEC-010,240917,TD.01.01,2025-02-27,0.5,,APPROVED,,
PSEC-101,888,TD.02.04,2025-02-27,7.75,concretework,APPROVED,,
PSEC-001,200311,TD.01.02,2025-02-26,7.5,,APPROVED,,
PSEC-003,171129,TD.01.00,2025-02-26,7.5,Floor plans,APPROVED,,
PSEC-010,240917,TD.01.01,2025-02-26,2,,APPROVED,,
PSEC-010,240708,TD.01.02,2025-02-26,0.25,,APPROVED,,
PSEC-010,241118,TD.01.04,2025-02-26,5.75,,APPROVED,,
PSEC-101,888,TD.02.01,2025-02-26,7.75,,APPROVED,,
PSEC-001,200311,TD.02.01,2025-02-25,6,,APPROVED,,
PSEC-001,230403,TD.02.01,2025-02-25,1,LMR Letter,APPROVED,,
PSEC-001,888,TD.00.00,2025-02-25,0.5,Graduate Architect Interview,APPROVED,,
PSEC-003,888,TD.01.00,2025-02-25,5.5,59 Vista Street Sans Souci_SK,APPROVED,,
PSEC-003,171129,TD.01.00,2025-02-25,2,Meeting With MH,APPROVED,,
PSEC-010,240607,TD.01.04,2025-02-25,7.5,Online meeting 1.5hs included,APPROVED,,
PSEC-010,240917,TD.01.01,2025-02-25,0.5,,APPROVED,,
PSEC-101,888,TD.02.04,2025-02-25,7.75,Concrete Work,APPROVED,,
PSEC-001,888,TD.02.01,2025-02-24,2,NDIS Guildford,APPROVED,,
PSEC-001,200311,TD.01.02,2025-02-24,5.5,,APPROVED,,
PSEC-003,888,TD.01.00,2025-02-24,7.5,59 Vista Street Sans Souci_SK,APPROVED,,
PSEC-010,240917,TD.01.01,2025-02-24,0.5,,APPROVED,,
PSEC-010,240607,TD.01.04,2025-02-24,7.5,,APPROVED,,
PSEC-101,888,TD.02.04,2025-02-24,7.75,Gyprock Takeoff,APPROVED,,
PSEC-001,888,TD.02.01,2025-02-21,6,NDIS Guildford - Inspection,APPROVED,,
PSEC-001,230403,TD.02.01,2025-02-21,2.5,LMR letter to Council,APPROVED,,
PSEC-003,240313,TD.01.00,2025-02-21,7.5,elevations,APPROVED,,
PSEC-101,888,TD.02.01,2025-02-21,4,,APPROVED,,
PSEC-101,888,TD.02.01,2025-02-21,3.75,,APPROVED,,
PSEC-102,888,TD.01.03,2025-02-21,8,,APPROVED,,
PSEC-102,888,TD.00.00,2025-02-21,1,,APPROVED,,
PSEC-001,200311,TD.01.02,2025-02-20,5,,APPROVED,,
PSEC-001,888,TD.02.01,2025-02-20,2.5,NDIS Guildford - Pre-inspection Assessment,APPROVED,,
PSEC-003,240313,TD.01.00,2025-02-20,7.5,Elevations,APPROVED,,
PSEC-101,888,TD.02.04,2025-02-20,7.75,,APPROVED,,
PSEC-102,888,TD.01.04,2025-02-20,8,,APPROVED,,
PSEC-102,888,TD.00.00,2025-02-20,1,,APPROVED,,
PSEC-001,231012,TD.01.01,2025-02-19,1.5,,APPROVED,,
PSEC-001,888,TD.02.01,2025-02-19,5,NDIS Guildford - Pre-inspection assessment,APPROVED,,
PSEC-003,240607,TD.01.03,2025-02-19,3.5,setup Slab setout pages,APPROVED,,
PSEC-003,240313,TD.01.00,2025-02-19,4,Elevations,APPROVED,,
PSEC-101,888,TD.02.02,2025-02-19,7.75,,APPROVED,,
PSEC-102,888,TD.01.03,2025-02-19,8,,APPROVED,,
PSEC-102,888,TD.00.00,2025-02-19,1,,APPROVED,,
PSEC-001,231012,TD.01.01,2025-02-18,6.5,,APPROVED,,
PSEC-001,210315,TD.02.01,2025-02-18,0.5,,APPROVED,,
PSEC-001,180309,TD.02.01,2025-02-18,0.5,,APPROVED,,
PSEC-003,888,TD.01.00,2025-02-18,7.5,Planning research for potential jobs,APPROVED,,
PSEC-101,888,TD.02.04,2025-02-18,7.75,,APPROVED,,
PSEC-102,888,TD.01.09,2025-02-18,8,,APPROVED,,
PSEC-102,888,TD.00.00,2025-02-18,1,,APPROVED,,
PSEC-001,231012,TD.01.01,2025-02-17,7.5,,APPROVED,,
PSEC-003,240607,TD.02.01,2025-02-17,1.25,email dilapidation reports to Neighbors_and PCA,APPROVED,,
PSEC-003,240313,TD.01.00,2025-02-17,6.5,Amend plans for new levels,APPROVED,,
PSEC-101,888,TD.02.01,2025-02-17,5,,APPROVED,,
PSEC-101,888,TD.02.01,2025-02-17,2.75,,APPROVED,,
PSEC-102,888,TD.01.01,2025-02-17,8,,APPROVED,,
PSEC-102,888,TD.00.00,2025-02-17,1,,APPROVED,,
PSEC-001,231012,TD.01.01,2025-02-14,7.5,,APPROVED,,
PSEC-101,888,TD.02.01,2025-02-14,3,,APPROVED,,
PSEC-101,888,TD.02.04,2025-02-14,4.75,,APPROVED,,
PSEC-102,888,TD.00.00,2025-02-14,1,,APPROVED,,
PSEC-102,888,TD.01.02,2025-02-14,8,,APPROVED,,
PSEC-001,231012,TD.01.01,2025-02-13,7.5,,APPROVED,,
PSEC-003,240607,TD.01.03,2025-02-13,2,Coordination for structure,APPROVED,,
PSEC-101,888,TD.00.02,2025-02-13,7.75,,APPROVED,,
PSEC-102,888,TD.01.02,2025-02-13,8,,APPROVED,,
PSEC-102,888,TD.00.00,2025-02-13,1,,APPROVED,,
PSEC-001,231012,TD.01.01,2025-02-12,7.5,,APPROVED,,
PSEC-003,240607,TD.01.03,2025-02-12,5.5,Construction Plan,APPROVED,,
PSEC-003,240313,TD.01.00,2025-02-12,2,check levels,APPROVED,,
PSEC-101,888,TD.01.09,2025-02-12,1,,APPROVED,,
PSEC-101,888,TD.01.09,2025-02-12,1,,APPROVED,,
PSEC-101,888,TD.01.09,2025-02-12,1,,APPROVED,,
PSEC-101,888,TD.01.09,2025-02-12,1,,APPROVED,,
PSEC-101,888,TD.01.09,2025-02-12,1,,APPROVED,,
PSEC-101,888,TD.01.09,2025-02-12,2.75,,APPROVED,,
PSEC-102,888,TD.02.04,2025-02-12,8,,APPROVED,,
PSEC-102,888,TD.00.00,2025-02-12,1,,APPROVED,,
PSEC-001,231012,TD.01.01,2025-02-11,7.5,,APPROVED,,
PSEC-003,231012,TD.01.01,2025-02-11,7.5,RFI 1 Plan amendment,APPROVED,,
PSEC-101,888,TD.02.04,2025-02-11,3.75,,APPROVED,,
PSEC-101,888,TD.01.10,2025-02-11,4,,APPROVED,,
PSEC-102,888,TD.01.04,2025-02-11,8,,APPROVED,,
PSEC-102,888,TD.00.00,2025-02-11,1,,APPROVED,,
PSEC-001,231012,TD.01.01,2025-02-10,7.5,,APPROVED,,
PSEC-003,231012,TD.01.01,2025-02-10,7.5,RFI 1 Plan amendment,APPROVED,,
PSEC-101,888,TD.02.04,2025-02-10,4,,APPROVED,,
PSEC-101,888,TD.02.01,2025-02-10,3.75,,APPROVED,,
PSEC-102,888,TD.01.01,2025-02-10,8,,APPROVED,,
PSEC-102,888,TD.00.00,2025-02-10,1,,APPROVED,,
PSEC-001,231012,TD.01.01,2025-02-07,7.5,,APPROVED,,
PSEC-003,240607,TD.01.03,2025-02-07,3,- meeting with client - emails for dilapidation report,APPROVED,,
PSEC-003,240408,TD.01.01,2025-02-07,0.5,review updated SEA,APPROVED,,
PSEC-003,231012,TD.01.01,2025-02-07,4,update plans RFI,APPROVED,,
PSEC-101,888,TD.02.01,2025-02-07,5,,APPROVED,,
PSEC-101,888,TD.02.01,2025-02-07,2.75,,APPROVED,,
PSEC-102,888,TD.01.04,2025-02-07,8,,APPROVED,,
PSEC-102,888,TD.00.00,2025-02-07,1,,APPROVED,,
PSEC-001,231012,TD.01.01,2025-02-06,7.5,,APPROVED,,
PSEC-003,231012,TD.01.01,2025-02-06,7.5,RFI 1 update,APPROVED,,
PSEC-101,888,TD.02.04,2025-02-06,4,,APPROVED,,
PSEC-101,888,TD.02.04,2025-02-06,3.75,,APPROVED,,
PSEC-102,888,TD.01.01,2025-02-06,8,,APPROVED,,
PSEC-102,888,TD.00.00,2025-02-06,1,,APPROVED,,
PSEC-001,231012,TD.01.01,2025-02-05,7.5,,APPROVED,,
PSEC-003,231012,TD.01.01,2025-02-05,7.5,RFI 1,APPROVED,,
PSEC-101,888,TD.02.04,2025-02-05,4.75,,APPROVED,,
PSEC-101,888,TD.02.04,2025-02-05,3,,APPROVED,,
PSEC-102,888,TD.01.03,2025-02-05,8,,APPROVED,,
PSEC-102,888,TD.00.00,2025-02-05,1,,APPROVED,,
PSEC-001,231012,TD.01.01,2025-02-04,7.5,,APPROVED,,
PSEC-003,240607,TD.01.03,2025-02-04,4,update plans for construction,APPROVED,,
PSEC-003,231012,TD.01.01,2025-02-04,3.5,RFI 1,APPROVED,,
PSEC-101,888,TD.02.01,2025-02-04,4,,APPROVED,,
PSEC-101,888,TD.02.04,2025-02-04,3,,APPROVED,,
PSEC-101,888,TD.02.01,2025-02-04,0.75,,APPROVED,,
PSEC-102,888,TD.01.03,2025-02-04,8,,APPROVED,,
PSEC-102,888,TD.00.00,2025-02-04,1,,APPROVED,,
PSEC-001,210315,TD.01.01,2025-02-03,7.5,,APPROVED,,
PSEC-003,171129,TD.01.01,2025-02-03,1.5,Regional Design Panel Meeting,APPROVED,,
PSEC-003,231012,TD.01.01,2025-02-03,6,RFI 1,APPROVED,,
PSEC-101,888,TD.02.01,2025-02-03,7.75,,APPROVED,,
PSEC-102,888,TD.01.04,2025-02-03,8,,APPROVED,,
PSEC-102,888,TD.00.00,2025-02-03,1,,APPROVED,,
PSEC-003,231012,TD.01.01,2025-01-31,6.5,RFI 1 amendment,APPROVED,,
PSEC-003,230925,TD.01.01,2025-01-31,1,submit RFI 1 response,APPROVED,,
PSEC-011,240708,TD.01.02,2025-01-31,3,,APPROVED,,
PSEC-101,888,TD.02.04,2025-01-31,7.75,,APPROVED,,
PSEC-003,240313,TD.01.01,2025-01-30,2,Meeting with clients,APPROVED,,
PSEC-003,230925,TD.01.01,2025-01-30,4.5,RFI response letter_Architectural set,APPROVED,,
PSEC-003,231012,TD.01.01,2025-01-30,1,RFI 1 amendment,APPROVED,,
PSEC-011,240708,TD.01.02,2025-01-30,3,,APPROVED,,
PSEC-101,888,TD.02.01,2025-01-30,7.75,,APPROVED,,
PSEC-003,231012,TD.01.01,2025-01-29,4.5,"Meeting with planner_review Council's RFI letter,",APPROVED,,
PSEC-003,888,TD.00.04,2025-01-29,2,Office lunch,APPROVED,,
PSEC-003,230925,TD.01.01,2025-01-29,1,RFI 1 response,APPROVED,,
PSEC-011,200311,TD.01.01,2025-01-29,2,MARKETING,APPROVED,,
PSEC-011,240708,TD.01.02,2025-01-29,5,,APPROVED,,
PSEC-101,888,TD.02.01,2025-01-29,7.75,,APPROVED,,
PSEC-001,210315,TD.01.01,2025-01-28,7.5,,APPROVED,,
PSEC-003,171129,TD.01.00,2025-01-28,7.5,Elevation Concept,APPROVED,,
PSEC-011,240607,TD.01.02,2025-01-28,7.5,,APPROVED,,
PSEC-101,888,TD.02.01,2025-01-28,7.75,,APPROVED,,
PSEC-001,888,TD.00.02,2025-01-27,7.5,,APPROVED,,
PSEC-001,210315,TD.01.01,2025-01-24,6,,APPROVED,,
PSEC-001,171129,TD.00.00,2025-01-24,1.5,Variation Fee,APPROVED,,
PSEC-011,888,TD.00.00,2025-01-24,3,WEBSITE MARKETING,APPROVED,,
PSEC-011,240122,TD.01.02,2025-01-24,4.5,,APPROVED,,
PSEC-101,888,TD.02.01,2025-01-24,3.75,,APPROVED,,
PSEC-101,888,TD.02.04,2025-01-24,4,,APPROVED,,
PSEC-102,888,TD.00.00,2025-01-24,1,,APPROVED,,
PSEC-102,888,TD.01.04,2025-01-24,8,,APPROVED,,
PSEC-001,210315,TD.01.01,2025-01-23,7.5,,APPROVED,,
PSEC-003,171129,TD.01.00,2025-01-23,7.5,Typical floor plans,APPROVED,,
PSEC-011,888,TD.00.00,2025-01-23,7.5,WEBSITE MARKETING,APPROVED,,
PSEC-101,888,TD.02.01,2025-01-23,7.75,,APPROVED,,
PSEC-102,888,TD.00.00,2025-01-23,1,,APPROVED,,
PSEC-102,888,TD.01.02,2025-01-23,8,,APPROVED,,
PSEC-001,210315,TD.01.01,2025-01-22,6.5,,APPROVED,,
PSEC-003,171129,TD.01.00,2025-01-22,7.5,"Meeting with Michael; Typical floor plans""",APPROVED,,
PSEC-011,888,TD.00.00,2025-01-22,7.5,WEBSITE MARKETING,APPROVED,,
PSEC-101,888,TD.02.01,2025-01-22,7.75,,APPROVED,,
PSEC-102,888,TD.00.00,2025-01-22,1,,APPROVED,,
PSEC-102,888,TD.01.04,2025-01-22,8,,APPROVED,,
SAIYU_001,888,TD.00.00,2025-01-21,7.5,WEBSITE MARKETING,APPROVED,,
PSEC-001,888,TD.00.01,2025-01-21,7.5,,APPROVED,,
PSEC-003,171129,TD.01.00,2025-01-21,1,Floor Plan,APPROVED,,
PSEC-003,231012,TD.01.01,2025-01-21,6.5,Meeting with Council,APPROVED,,
PSEC-101,888,TD.02.01,2025-01-21,7.75,,APPROVED,,
PSEC-102,888,TD.01.04,2025-01-21,8,,APPROVED,,
PSEC-102,888,TD.00.00,2025-01-21,1,,APPROVED,,
PSEC-001,210315,TD.01.01,2025-01-20,7.5,,APPROVED,,
PSEC-003,171129,TD.01.00,2025-01-20,7.5,Typical floor plans,APPROVED,,
PSEC-011,888,TD.00.00,2025-01-20,7.5,WEBSITE MARKETING,APPROVED,,
PSEC-101,888,TD.02.04,2025-01-20,7.75,,APPROVED,,
PSEC-102,888,TD.02.04,2025-01-20,8,,APPROVED,,
PSEC-102,888,TD.00.00,2025-01-20,1,,APPROVED,,
PSEC-001,210315,TD.01.01,2025-01-17,7.5,,APPROVED,,
PSEC-003,171129,TD.01.01,2025-01-17,6,Typical floor plan,APPROVED,,
PSEC-003,240607,TD.01.03,2025-01-17,1,Meeting with Client,APPROVED,,
PSEC-003,230925,TD.01.01,2025-01-17,0.5,Coordination with Geotech & Stormwater,APPROVED,,
PSEC-011,240122,TD.01.02,2025-01-17,7.5,,APPROVED,,
PSEC-101,888,TD.02.01,2025-01-17,3.75,,APPROVED,,
PSEC-101,888,TD.02.01,2025-01-17,4,,APPROVED,,
PSEC-001,210315,TD.01.01,2025-01-16,7.5,,APPROVED,,
PSEC-003,171129,TD.01.01,2025-01-16,5.5,Typical Floor Plans,APPROVED,,
PSEC-003,201112,TD.01.01,2025-01-16,2,RFI_elevations_finishes schedule_shadow diagram,APPROVED,,
PSEC-011,240122,TD.01.02,2025-01-16,7.5,,APPROVED,,
PSEC-101,888,TD.02.01,2025-01-16,6,,APPROVED,,
PSEC-101,888,TD.02.04,2025-01-16,1.75,,APPROVED,,
PSEC-001,200311,TD.02.01,2025-01-15,3,,APPROVED,,
PSEC-001,210315,TD.01.01,2025-01-15,4.5,,APPROVED,,
PSEC-003,171129,TD.01.01,2025-01-15,7.5,Road Pattern/Levels & Typical floor plans,APPROVED,,
PSEC-011,200311,TD.01.01,2025-01-15,5,,APPROVED,,
PSEC-101,888,TD.02.01,2025-01-15,4,,APPROVED,,
PSEC-101,888,TD.02.01,2025-01-15,3.75,,APPROVED,,
PSEC-001,210315,TD.01.01,2025-01-14,7,,APPROVED,,
PSEC-001,200311,TD.02.01,2025-01-14,0.5,,APPROVED,,
PSEC-003,171129,TD.01.01,2025-01-14,6.5,Road pattern & levels,APPROVED,,
PSEC-003,240607,TD.01.09,2025-01-14,1,29 CGI,APPROVED,,
PSEC-011,200311,TD.01.01,2025-01-14,7.5,Marketting,APPROVED,,
PSEC-101,888,TD.02.01,2025-01-14,4,,APPROVED,,
PSEC-101,888,TD.02.01,2025-01-14,3.75,,APPROVED,,
PSEC-001,210315,TD.01.01,2025-01-13,7.5,,APPROVED,,
PSEC-003,888,TD.00.02,2025-01-13,7.5,,APPROVED,,
PSEC-011,240607,TD.01.01,2025-01-13,7.5,,APPROVED,,
PSEC-101,888,TD.02.01,2025-01-13,5.75,unit price type in,APPROVED,,
PSEC-101,888,TD.02.01,2025-01-13,2,,APPROVED,,
PSEC-001,210315,TD.01.01,2025-01-10,7.5,,APPROVED,,
PSEC-003,240313,TD.01.01,2025-01-10,1,Levels,APPROVED,,
PSEC-003,240408,TD.01.01,2025-01-10,2,- coordination SEA -plot sewer line to architectural plans,APPROVED,,
PSEC-011,240607,TD.01.01,2025-01-10,7.5,,APPROVED,,
PSEC-101,888,TD.02.01,2025-01-10,4.75,,APPROVED,,
PSEC-101,888,TD.02.01,2025-01-10,3,,APPROVED,,
PSEC-001,210315,TD.01.01,2025-01-09,7.5,,APPROVED,,
PSEC-003,230925,TD.01.01,2025-01-09,2,RFI 1 _ BASIX,APPROVED,,
PSEC-003,240313,TD.01.01,2025-01-09,5.5,Check survey & plans,APPROVED,,
PSEC-011,240607,TD.01.01,2025-01-09,7.5,,APPROVED,,
PSEC-101,888,TD.02.01,2025-01-09,5,,APPROVED,,
PSEC-101,888,TD.02.01,2025-01-09,2.75,,APPROVED,,
PSEC-001,210315,TD.01.01,2025-01-08,6,,APPROVED,,
PSEC-001,180309,TD.02.03,2025-01-08,1.5,,APPROVED,,
PSEC-003,230925,TD.01.01,2025-01-08,6,RFI 1,APPROVED,,
PSEC-003,240313,TD.01.01,2025-01-08,1.5,,APPROVED,,
PSEC-011,240607,TD.01.01,2025-01-08,7.5,,APPROVED,,
PSEC-101,888,TD.02.01,2025-01-08,4,,APPROVED,,
PSEC-101,888,TD.02.01,2025-01-08,3.75,,APPROVED,,
PSEC-001,230925,TD.01.01,2025-01-07,7.5,,APPROVED,,
PSEC-003,230925,TD.01.01,2025-01-07,7.25,RFI 1,APPROVED,,
PSEC-003,210315,TD.01.01,2025-01-07,0.25,,APPROVED,,
PSEC-003,240607,TD.00.00,2025-01-07,0.25,,APPROVED,,
PSEC-011,171129,TD.01.01,2025-01-07,7.5,,APPROVED,,
PSEC-101,888,TD.02.01,2025-01-07,3.75,,APPROVED,,
PSEC-101,888,TD.02.01,2025-01-07,2,,APPROVED,,
PSEC-101,888,TD.02.01,2025-01-07,2,,APPROVED,,
PSEC-001,231016,TD.01.03,2025-01-06,0.5,,APPROVED,,
PSEC-001,230925,TD.01.01,2025-01-06,7,,APPROVED,,
PSEC-003,231016,TD.01.03,2025-01-06,4,plans & elevation layout change,APPROVED,,
PSEC-003,230925,TD.01.01,2025-01-06,3.25,RFI 1,APPROVED,,
PSEC-011,171129,TD.01.01,2025-01-06,4,,APPROVED,,
PSEC-011,240708,TD.01.01,2025-01-06,1,,APPROVED,,
PSEC-011,240607,TD.01.01,2025-01-06,2.5,,APPROVED,,
PSEC-101,888,TD.02.01,2025-01-06,7.75,type in cost plan,APPROVED,,
PSEC-101,888,TD.00.02,2024-12-31,7.75,,APPROVED,,
PSEC-101,888,TD.00.02,2024-12-30,7.75,,APPROVED,,
PSEC-101,888,TD.00.02,2024-12-27,7.75,,APPROVED,,
PSEC-101,888,TD.00.02,2024-12-26,7.75,,APPROVED,,
PSEC-101,888,TD.00.02,2024-12-25,7.75,,APPROVED,,
PSEC-101,888,TD.00.02,2024-12-24,7.75,,APPROVED,,
PSEC-101,888,TD.00.02,2024-12-23,7.75,,APPROVED,,
PSEC-001,210315,TD.01.01,2024-12-20,7.5,,APPROVED,,
PSEC-101,888,TD.00.02,2024-12-20,7.75,,APPROVED,,
PSEC-102,888,TD.00.00,2024-12-20,1,,APPROVED,,
PSEC-102,888,TD.01.09,2024-12-20,8,,APPROVED,,
PSEC-001,210315,TD.01.01,2024-12-19,7.5,,APPROVED,,
PSEC-101,888,TD.00.02,2024-12-19,7.75,,APPROVED,,
PSEC-102,888,TD.01.09,2024-12-19,8,,APPROVED,,
PSEC-102,888,TD.00.00,2024-12-19,1,,APPROVED,,
PSEC-001,210315,TD.01.01,2024-12-18,7,,APPROVED,,
PSEC-001,200311,TD.01.09,2024-12-18,0.5,,APPROVED,,
PSEC-101,888,TD.00.02,2024-12-18,7.75,,APPROVED,,
PSEC-102,888,TD.00.00,2024-12-18,1,,APPROVED,,
PSEC-102,888,TD.01.09,2024-12-18,8,,APPROVED,,
PSEC-001,210315,TD.01.01,2024-12-17,7.5,,APPROVED,,
PSEC-101,888,TD.00.02,2024-12-17,7.75,,APPROVED,,
PSEC-102,888,TD.01.09,2024-12-17,1,,APPROVED,,
PSEC-102,888,TD.01.09,2024-12-17,8,,APPROVED,,
PSEC-001,210315,TD.01.01,2024-12-16,6,,APPROVED,,
PSEC-001,201112,TD.01.01,2024-12-16,0.5,,APPROVED,,
PSEC-001,200311,TD.01.01,2024-12-16,1,S4.55(1) - Mod to amend 7.11 Contributions,APPROVED,,
PSEC-011,200311,TD.00.00,2024-12-16,2.5,CLEAN UP PRESENTATION FOR 18/12,APPROVED,,
PSEC-011,888,TD.00.00,2024-12-16,7.5,PSEC CV,APPROVED,,
PSEC-101,888,TD.00.02,2024-12-16,7.75,,APPROVED,,
PSEC-102,888,TD.01.09,2024-12-16,8,,APPROVED,,
PSEC-102,888,TD.00.00,2024-12-16,1,,APPROVED,,
PSEC-102,888,TD.01.09,2024-12-14,8,Revised marketing plan and made marketing palette,APPROVED,,
PSEC-102,888,TD.00.00,2024-12-14,1,,APPROVED,,
PSEC-001,210315,TD.01.01,2024-12-13,7,,APPROVED,,
PSEC-001,200311,TD.02.01,2024-12-13,0.5,,APPROVED,,
PSEC-011,240607,TD.01.01,2024-12-13,7.5,interiors,APPROVED,,
PSEC-101,888,TD.02.01,2024-12-13,3.75,,APPROVED,,
PSEC-101,888,TD.02.01,2024-12-13,4,,APPROVED,,
PSEC-001,210315,TD.01.01,2024-12-12,7.5,,APPROVED,,
PSEC-003,230925,TD.01.01,2024-12-12,6.5,RFI,APPROVED,,
PSEC-003,201112,TD.01.01,2024-12-12,1,Landscape plan,APPROVED,,
PSEC-011,240607,TD.01.01,2024-12-12,7.5,interiors,APPROVED,,
PSEC-101,888,TD.02.01,2024-12-12,3,,APPROVED,,
PSEC-101,888,TD.02.01,2024-12-12,2,,APPROVED,,
PSEC-101,888,TD.02.04,2024-12-12,2.75,,APPROVED,,
PSEC-102,888,TD.02.02,2024-12-12,8,,APPROVED,,
PSEC-102,888,TD.00.00,2024-12-12,1,,APPROVED,,
PSEC-001,210315,TD.01.01,2024-12-11,7.5,,APPROVED,,
PSEC-003,230925,TD.01.01,2024-12-11,7.5,RFI_facade,APPROVED,,
PSEC-003,240408,TD.01.01,2024-12-11,0.25,SEA,APPROVED,,
PSEC-011,240607,TD.01.01,2024-12-11,7.5,interiors,APPROVED,,
PSEC-101,888,TD.02.01,2024-12-11,2,,APPROVED,,
PSEC-101,888,TD.02.01,2024-12-11,3.75,,APPROVED,,
PSEC-101,888,TD.02.01,2024-12-11,2,,APPROVED,,
PSEC-102,888,TD.01.04,2024-12-11,8,,APPROVED,,
PSEC-102,888,TD.00.00,2024-12-11,1,,APPROVED,,
PSEC-001,210315,TD.01.01,2024-12-10,7.5,,APPROVED,,
PSEC-003,240408,TD.01.01,2024-12-10,2,SEA_research & email,APPROVED,,
PSEC-003,210315,TD.01.01,2024-12-10,1,,APPROVED,,
PSEC-003,230925,TD.01.01,2024-12-10,4.5,RFI,APPROVED,,
PSEC-011,240607,TD.01.01,2024-12-10,7.5,interiors,APPROVED,,
PSEC-101,888,TD.02.01,2024-12-10,5,,APPROVED,,
PSEC-101,888,TD.02.01,2024-12-10,2.75,,APPROVED,,
PSEC-102,888,TD.01.09,2024-12-10,8,Marketing master plan,APPROVED,,
PSEC-102,888,TD.00.00,2024-12-10,1,,APPROVED,,
PSEC-001,210315,TD.01.01,2024-12-09,7.5,,APPROVED,,
PSEC-003,888,TD.02.01,2024-12-09,0.5,Prepare floor plan for agent,APPROVED,,
PSEC-003,240408,TD.01.01,2024-12-09,0.25,Check email regarding SEA,APPROVED,,
PSEC-003,230925,TD.01.01,2024-12-09,6,RFI- facade,APPROVED,,
PSEC-003,210315,TD.01.01,2024-12-09,0.25,Check Ecoplanning emails,APPROVED,,
PSEC-011,240607,TD.01.01,2024-12-09,7.5,interiors,APPROVED,,
PSEC-101,888,TD.02.04,2024-12-09,4,,APPROVED,,
PSEC-101,888,TD.02.04,2024-12-09,2,,APPROVED,,
PSEC-101,888,TD.02.01,2024-12-09,1,,APPROVED,,
PSEC-102,888,TD.00.00,2024-12-09,1,,APPROVED,,
PSEC-102,888,TD.01.09,2024-12-09,8,Revise marketing plan,APPROVED,,
PSEC-001,210315,TD.01.01,2024-12-06,6.5,,APPROVED,,
PSEC-001,200311,TD.02.01,2024-12-06,1,,APPROVED,,
PSEC-003,240408,TD.01.01,2024-12-06,2,SEA,APPROVED,,
PSEC-003,170130,TD.01.01,2024-12-06,5,RFI 9 Road level,APPROVED,,
PSEC-003,231016,TD.02.01,2024-12-06,0.5,,APPROVED,,
PSEC-011,240607,TD.01.01,2024-12-06,7.5,INTERIORS,APPROVED,,
PSEC-101,888,TD.02.01,2024-12-06,4,,APPROVED,,
PSEC-101,888,TD.02.04,2024-12-06,2.5,,APPROVED,,
PSEC-101,888,TD.02.01,2024-12-06,1,,APPROVED,,
PSEC-001,200311,TD.02.01,2024-12-05,4.5,,APPROVED,,
PSEC-001,210315,TD.01.01,2024-12-05,3,,APPROVED,,
PSEC-003,201112,TD.01.01,2024-12-05,0.25,review HIS BASIX,APPROVED,,
PSEC-003,230925,TD.01.01,2024-12-05,4,RFI,APPROVED,,
PSEC-003,231016,TD.01.03,2024-12-05,2,Site visit,APPROVED,,
PSEC-003,240408,TD.01.01,2024-12-05,0.5,review SEA comment,APPROVED,,
PSEC-003,240607,TD.01.01,2024-12-05,0.5,Review planning report_submit CDC,APPROVED,,
PSEC-003,170130,TD.01.01,2024-12-05,0.5,check updated stone Mason Dr level,APPROVED,,
PSEC-011,240607,TD.01.01,2024-12-05,7.5,INTERIORS,APPROVED,,
PSEC-101,888,TD.02.01,2024-12-05,1.5,,APPROVED,,
PSEC-101,888,TD.02.01,2024-12-05,2,,APPROVED,,
PSEC-101,888,TD.02.01,2024-12-05,2,,APPROVED,,
PSEC-101,888,TD.00.00,2024-12-05,2,,APPROVED,,
PSEC-001,200311,TD.02.01,2024-12-04,7.5,,APPROVED,,
PSEC-003,201112,TD.01.01,2024-12-04,1.5,#NAME?,APPROVED,,
PSEC-003,240607,TD.01.01,2024-12-04,1,#NAME?,APPROVED,,
PSEC-003,200311,TD.01.09,2024-12-04,1,Marketing Material,APPROVED,,
PSEC-003,241118,TD.01.04,2024-12-04,0,file information from Client,APPROVED,,
PSEC-003,230925,TD.01.01,2024-12-04,4,RFI,APPROVED,,
PSEC-011,240607,TD.01.01,2024-12-04,7.5,INTERIORS,APPROVED,,
PSEC-101,888,TD.00.00,2024-12-04,3.5,,APPROVED,,
PSEC-101,888,TD.02.01,2024-12-04,4,,APPROVED,,
PSEC-001,210315,TD.01.01,2024-12-03,3,,APPROVED,,
PSEC-001,200311,TD.02.01,2024-12-03,4.5,,APPROVED,,
PSEC-003,888,TD.00.04,2024-12-03,2,Office Lunch,APPROVED,,
PSEC-003,240607,TD.01.01,2024-12-03,3.5,"update architectural plan, - Traffic turning path, - dimensioning",APPROVED,,
PSEC-003,230925,TD.01.01,2024-12-03,2,RFI-check survey,APPROVED,,
PSEC-010,240917,TD.01.02,2024-12-03,2.5,,APPROVED,,
PSEC-010,210315,TD.01.01,2024-12-03,4,,APPROVED,,
PSEC-010,241118,TD.01.00,2024-12-03,1,,APPROVED,,
PSEC-011,240607,TD.01.01,2024-12-03,5.5,,APPROVED,,
PSEC-101,888,TD.00.00,2024-12-03,2,,APPROVED,,
PSEC-101,888,TD.00.00,2024-12-03,2,,APPROVED,,
PSEC-101,888,TD.02.01,2024-12-03,2.5,,APPROVED,,
PSEC-001,210315,TD.01.01,2024-12-02,7.5,,APPROVED,,
PSEC-003,240917,TD.00.00,2024-12-02,1,CC to do list for Client,APPROVED,,
PSEC-003,201112,TD.01.01,2024-12-02,4.5,,APPROVED,,
PSEC-003,230925,TD.01.01,2024-12-02,0,Email Council for extension,APPROVED,,
PSEC-010,210315,TD.01.01,2024-12-02,4,,APPROVED,,
PSEC-010,240917,TD.01.02,2024-12-02,3.5,,APPROVED,,
PSEC-011,240607,TD.01.01,2024-12-02,7.5,INTERIORS,APPROVED,,
PSEC-101,888,TD.02.04,2024-12-02,4,,APPROVED,,
PSEC-101,888,TD.02.04,2024-12-02,3.5,,APPROVED,,
PSEC-102,888,TD.01.02,2024-12-02,8,,APPROVED,,
PSEC-102,888,TD.00.00,2024-12-02,1,,APPROVED,,
PSEC-001,210315,TD.01.01,2024-11-29,5.5,,APPROVED,,
PSEC-001,200311,TD.02.01,2024-11-29,2,,APPROVED,,
PSEC-003,230925,TD.01.01,2024-11-29,5,RFI 1_amend plans,APPROVED,,
PSEC-003,201112,TD.01.01,2024-11-29,1.5,amend plans for Arborist,APPROVED,,
PSEC-011,240607,TD.01.01,2024-11-29,6.5,INTERIORS,APPROVED,,
PSEC-101,888,TD.02.04,2024-11-29,4,,APPROVED,,
PSEC-101,888,TD.02.01,2024-11-29,3.5,,APPROVED,,
PSEC-001,210315,TD.01.01,2024-11-28,7.5,,APPROVED,,
PSEC-003,230925,TD.01.01,2024-11-28,7.5,RFI 1_amend plans_elevation,APPROVED,,
PSEC-010,240917,TD.01.10,2024-11-28,3,Visit the Ryde City Council to pay the S4.55 fee.,APPROVED,,
PSEC-010,210315,TD.01.01,2024-11-28,4,,APPROVED,,
PSEC-011,240607,TD.01.01,2024-11-28,6,interior,APPROVED,,
PSEC-011,171129,TD.01.01,2024-11-28,2,meeting with MH and responding to his questions,APPROVED,,
PSEC-101,888,TD.02.02,2024-11-28,4,,APPROVED,,
PSEC-101,888,TD.02.04,2024-11-28,3.5,,APPROVED,,
PSEC-001,210315,TD.01.01,2024-11-27,7.5,,APPROVED,,
PSEC-003,230925,TD.01.01,2024-11-27,7.5,RFI 1_ amend plans,APPROVED,,
PSEC-010,240917,TD.01.02,2024-11-27,0.5,,APPROVED,,
PSEC-010,210315,TD.01.01,2024-11-27,7,,APPROVED,,
PSEC-011,240607,TD.01.01,2024-11-27,7.5,interior,APPROVED,,
PSEC-101,888,TD.02.04,2024-11-27,4,,APPROVED,,
PSEC-101,888,TD.02.04,2024-11-27,3.5,,APPROVED,,
PSEC-001,210315,TD.01.01,2024-11-26,7.5,,APPROVED,,
PSEC-003,240408,TD.01.01,2024-11-26,0.5,SEA (phone conversation with client_engineer),APPROVED,,
PSEC-003,241118,TD.01.04,2024-11-26,1.25,Draw up the base plan in Revit,APPROVED,,
PSEC-010,888,TD.01.10,2024-11-26,2.5,Blackwood St Gerringong Presentation Document,APPROVED,,
PSEC-010,241118,TD.01.10,2024-11-26,3,Site visiting,APPROVED,,
PSEC-010,210315,TD.01.01,2024-11-26,2,,APPROVED,,
PSEC-011,240607,TD.01.01,2024-11-26,7.5,interiors,APPROVED,,
PSEC-101,888,TD.00.00,2024-11-26,2,,APPROVED,,
PSEC-101,888,TD.00.00,2024-11-26,3,,APPROVED,,
PSEC-101,888,TD.00.00,2024-11-26,2.5,,APPROVED,,
PSEC-001,210315,TD.01.01,2024-11-25,4.5,,APPROVED,,
PSEC-001,231016,TD.01.00,2024-11-25,1,,APPROVED,,
PSEC-001,888,TD.00.04,2024-11-25,2,,APPROVED,,
PSEC-003,230925,TD.01.01,2024-11-25,1.5,Plan amendment for RFI,APPROVED,,
PSEC-003,170130,TD.01.01,2024-11-25,1.5,review road level and response to Council,APPROVED,,
PSEC-003,888,TD.00.04,2024-11-25,2,Office weekly meeting,APPROVED,,
PSEC-003,231016,TD.02.01,2024-11-25,0,Email PCA regarding Working Commencement,APPROVED,,
PSEC-003,201112,TD.01.01,2024-11-25,3,DA preparation,APPROVED,,
PSEC-010,888,TD.01.10,2024-11-25,2,PSEC internal meeting,APPROVED,,
PSEC-010,240917,TD.01.02,2024-11-25,1.5,,APPROVED,,
PSEC-010,210315,TD.01.01,2024-11-25,4,,APPROVED,,
PSEC-011,240607,TD.01.01,2024-11-25,4,interiors moodboard and setup,APPROVED,,
PSEC-011,171129,TD.01.01,2024-11-25,2.5,elevations,APPROVED,,
PSEC-011,888,TD.00.00,2024-11-25,1.5,Team meeting,APPROVED,,
PSEC-101,888,TD.02.04,2024-11-25,3,,APPROVED,,
PSEC-101,888,TD.00.00,2024-11-25,2,,APPROVED,,
PSEC-101,888,TD.02.04,2024-11-25,2.5,,APPROVED,,
PSEC-102,888,TD.01.02,2024-11-25,8,,APPROVED,,
PSEC-011,171129,TD.01.01,2024-11-23,1.25,elevations sketches,APPROVED,,
PSEC-001,231016,TD.01.00,2024-11-22,2,,APPROVED,,
PSEC-001,888,TD.02.01,2024-11-22,3.5,,APPROVED,,
PSEC-003,240607,TD.01.01,2024-11-22,0.5,29 New CDC upload to Portal,APPROVED,,
PSEC-003,231016,TD.01.00,2024-11-22,2.5,check net saleable area,APPROVED,,
PSEC-003,230925,TD.01.01,2024-11-22,1,DA RFI,APPROVED,,
PSEC-003,170130,TD.01.01,2024-11-22,1,Civil Road level,APPROVED,,
PSEC-010,210315,TD.01.01,2024-11-22,8,,APPROVED,,
PSEC-010,231016,TD.00.00,2024-11-22,1,,APPROVED,,
PSEC-011,240607,TD.01.01,2024-11-22,6.5,Interior setup and moodboards,APPROVED,,
PSEC-101,888,TD.02.04,2024-11-22,8,,APPROVED,,
PSEC-102,888,TD.01.02,2024-11-22,8,,APPROVED,,
PSEC-102,888,TD.00.00,2024-11-22,1,,APPROVED,,
PSEC-001,231016,TD.01.00,2024-11-21,3,,APPROVED,,
PSEC-001,888,TD.02.01,2024-11-21,2.5,,APPROVED,,
PSEC-003,888,TD.00.03,2024-11-21,3,,APPROVED,,
PSEC-003,240408,TD.01.01,2024-11-21,1.5,SEA,APPROVED,,
PSEC-003,240607,TD.01.01,2024-11-21,1.5,Upload Documents & coordinate with Builder,APPROVED,,
PSEC-003,241118,TD.01.04,2024-11-21,2,Draw up the plan,APPROVED,,
PSEC-010,210315,TD.01.01,2024-11-21,5,,APPROVED,,
PSEC-010,888,TD.00.00,2024-11-21,1,,APPROVED,,
PSEC-101,888,TD.02.04,2024-11-21,8,,APPROVED,,
PSEC-102,888,TD.01.02,2024-11-21,8,,APPROVED,,
PSEC-102,888,TD.00.00,2024-11-21,1,,APPROVED,,
PSEC-001,210315,TD.01.01,2024-11-20,1,,APPROVED,,
PSEC-001,231016,TD.01.00,2024-11-20,6.5,,APPROVED,,
PSEC-003,240408,TD.01.01,2024-11-20,3,SEA,APPROVED,,
PSEC-003,230925,TD.01.01,2024-11-20,2,29 Stormwater & PCA,APPROVED,,
PSEC-003,241118,TD.01.01,2024-11-20,1,draw up the plan,APPROVED,,
PSEC-010,240917,TD.01.02,2024-11-20,1.5,,APPROVED,,
PSEC-010,210315,TD.01.01,2024-11-20,6.5,,APPROVED,,
PSEC-010,888,TD.00.00,2024-11-20,1,,APPROVED,,
PSEC-101,888,TD.02.04,2024-11-20,8,,APPROVED,,
PSEC-102,888,TD.01.04,2024-11-20,8,,APPROVED,,
PSEC-102,888,TD.00.00,2024-11-20,1,,APPROVED,,
PSEC-001,210315,TD.01.01,2024-11-19,5,,APPROVED,,
PSEC-001,231016,TD.01.01,2024-11-19,1,,APPROVED,,
PSEC-001,888,TD.00.00,2024-11-19,1,,APPROVED,,
PSEC-003,231016,TD.02.01,2024-11-19,5,prepare for Commence of Works,APPROVED,,
PSEC-003,240408,TD.01.01,2024-11-19,0.5,SEA,APPROVED,,
PSEC-003,241118,TD.01.04,2024-11-19,1.5,draw up plan to REVIT,APPROVED,,
PSEC-003,240313,TD.01.01,2024-11-19,1,Check 87 Civil design,APPROVED,,
PSEC-101,888,TD.02.04,2024-11-19,8,,APPROVED,,
PSEC-102,888,TD.01.04,2024-11-19,8,,APPROVED,,
PSEC-102,888,TD.00.00,2024-11-19,1,,APPROVED,,
PSEC-001,160701,TD.02.03,2024-11-18,1,,APPROVED,,
PSEC-001,210315,TD.01.01,2024-11-18,6.5,,APPROVED,,
PSEC-001,888,TD.00.00,2024-11-18,1,,APPROVED,,
PSEC-003,888,TD.00.00,2024-11-18,2.5,Meeting with Charles,APPROVED,,
PSEC-003,210212,TD.01.09,2024-11-18,1,Coordination CGIs,APPROVED,,
PSEC-003,240408,TD.01.01,2024-11-18,4,Sydney Water SEA report Coordination,APPROVED,,
PSEC-003,210315,TD.01.01,2024-11-18,0.5,,APPROVED,,
PSEC-010,210315,TD.01.01,2024-11-18,7.5,,APPROVED,,
PSEC-010,240917,TD.01.02,2024-11-18,0.5,,APPROVED,,
PSEC-010,888,TD.00.00,2024-11-18,1,,APPROVED,,
PSEC-011,240122,TD.01.02,2024-11-18,3,,APPROVED,,
PSEC-011,171129,TD.01.01,2024-11-18,5,,APPROVED,,
PSEC-101,888,TD.02.04,2024-11-18,8,,APPROVED,,
PSEC-102,888,TD.01.02,2024-11-18,8,,APPROVED,,
PSEC-102,888,TD.00.00,2024-11-18,1,,APPROVED,,
PSEC-001,231016,TD.01.00,2024-11-15,2.5,,APPROVED,,
PSEC-001,210315,TD.01.01,2024-11-15,3,,APPROVED,,
PSEC-003,231016,TD.01.01,2024-11-15,4,,APPROVED,,
PSEC-003,171129,TD.01.01,2024-11-15,4,,APPROVED,,
PSEC-011,171129,TD.01.01,2024-11-15,8,,APPROVED,,
PSEC-101,888,TD.02.04,2024-11-15,8,,APPROVED,,
PSEC-102,888,TD.01.02,2024-11-15,8,,APPROVED,,
PSEC-102,888,TD.01.01,2024-11-15,8,,APPROVED,,
PSEC-001,231016,TD.01.00,2024-11-14,5,,APPROVED,,
PSEC-001,201112,TD.01.01,2024-11-14,1,,APPROVED,,
PSEC-001,171129,TD.01.01,2024-11-14,0.5,,APPROVED,,
PSEC-001,210315,TD.01.01,2024-11-14,1,,APPROVED,,
PSEC-003,231016,TD.01.01,2024-11-14,3.5,,APPROVED,,
PSEC-003,240607,TD.01.01,2024-11-14,1,,APPROVED,,
PSEC-003,201112,TD.01.01,2024-11-14,1.5,,APPROVED,,
PSEC-010,210315,TD.01.01,2024-11-14,7.5,,APPROVED,,
PSEC-010,888,TD.00.00,2024-11-14,1,,APPROVED,,
PSEC-011,171129,TD.01.01,2024-11-14,8,,APPROVED,,
PSEC-101,888,TD.02.04,2024-11-14,8,,APPROVED,,
PSEC-001,231016,TD.01.00,2024-11-13,7,,APPROVED,,
PSEC-001,171129,TD.01.01,2024-11-13,0.5,,APPROVED,,
PSEC-003,240607,TD.01.01,2024-11-13,6,,APPROVED,,
PSEC-003,231016,TD.01.03,2024-11-13,1.5,,APPROVED,,
PSEC-003,171129,TD.01.01,2024-11-13,0.5,,APPROVED,,
PSEC-010,240917,TD.01.01,2024-11-13,0.75,,APPROVED,,
PSEC-010,210315,TD.01.01,2024-11-13,7.25,,APPROVED,,
PSEC-010,888,TD.00.00,2024-11-13,1,,APPROVED,,
PSEC-011,171129,TD.01.01,2024-11-13,8,,APPROVED,,
PSEC-001,210315,TD.01.01,2024-11-12,4,,APPROVED,,
PSEC-001,231016,TD.01.00,2024-11-12,1.5,,APPROVED,,
PSEC-001,240917,TD.01.01,2024-11-12,2,,APPROVED,,
PSEC-011,171129,TD.01.01,2024-11-12,8,,APPROVED,,
PSEC-001,888,TD.00.02,2024-11-11,3,,APPROVED,,
PSEC-001,210315,TD.01.01,2024-11-11,4.5,,APPROVED,,
PSEC-011,171129,TD.01.01,2024-11-11,8,,APPROVED,,